order_no,order_date,cust_no
101,'15-04-2025',1
102,'10-06-2025',4
103,'20-01-2024',1
104,'12-08-2025',2
105,'10-05-2025',5
106,'20-05-2025',5
107,'05-04-2024',4
108,'15-06-2025',
109,'21-06-2024',889
110,'06-06-2023',858
111,'24-01-2024',638
112,'07-06-2024',961
113,'02-12-2023',439
114,'09-05-2024',350
115,'29-03-2023',387
116,'04-03-2024',824
117,'27-06-2024',134
118,'20-05-2024',674
119,'15-11-2025',163
120,'24-05-2025',415
121,'17-07-2023',195
122,'24-02-2025',107
123,'05-10-2025',277
124,'08-12-2025',98
125,'30-07-2025',67
126,'14-01-2023',141
127,'14-11-2024',368
128,'23-11-2023',219
129,'19-04-2024',435
130,'14-12-2024',751
131,'28-09-2024',525
132,'21-02-2024',632
133,'14-06-2025',285
134,'09-07-2023',58
135,'02-05-2023',330
136,'30-11-2024',742
137,'29-11-2024',238
138,'27-12-2025',21
139,'11-06-2025',397
140,'16-11-2023',7
141,'19-08-2023',483
142,'23-05-2023',518
143,'10-05-2024',154
144,'19-01-2023',65
145,'22-08-2023',155
146,'14-05-2023',901
147,'19-06-2025',10
148,'12-08-2024',377
149,'04-05-2025',839
150,'23-06-2025',245
151,'16-04-2025',928
152,'20-08-2025',505
153,'17-09-2024',424
154,'24-05-2025',609
155,'07-05-2024',430
156,'24-02-2025',12
157,'13-12-2024',89
158,'13-03-2025',192
159,'24-06-2023',692
160,'22-04-2025',923
161,'26-03-2024',9
162,'16-09-2024',410
163,'27-10-2025',662
164,'01-05-2023',789
165,'03-08-2024',319
166,'16-08-2024',300
167,'25-08-2024',11
168,'19-11-2023',674
169,'29-05-2024',712
170,'27-08-2024',846
171,'14-01-2024',19
172,'02-01-2023',109
173,'30-06-2025',890
174,'22-07-2025',543
175,'22-10-2025',461
176,'12-06-2025',321
177,'14-02-2025',128
178,'22-04-2023',917
179,'07-05-2025',802
180,'17-04-2024',231
181,'05-01-2023',800
182,'07-06-2023',884
183,'18-02-2025',345
184,'11-07-2023',114
185,'23-04-2023',444
186,'09-01-2024',854
187,'26-02-2024',916
188,'27-11-2025',292
189,'09-04-2024',602
190,'26-08-2024',778
191,'02-03-2024',957
192,'30-06-2024',968
193,'26-04-2023',806
194,'18-11-2025',516
195,'04-11-2025',429
196,'04-08-2024',316
197,'07-09-2023',362
198,'22-08-2025',744
199,'26-02-2024',515
200,'16-03-2023',958
201,'26-10-2024',532
202,'02-01-2024',236
203,'03-04-2024',89
204,'09-12-2024',263
205,'20-09-2024',454
206,'26-11-2023',826
207,'17-02-2023',83
208,'01-08-2023',256
209,'02-06-2023',382
210,'19-11-2023',614
211,'27-04-2023',758
212,'15-03-2023',229
213,'13-07-2023',41
214,'16-01-2023',265
215,'21-09-2023',303
216,'29-10-2025',237
217,'18-06-2025',754
218,'29-07-2024',117
219,'14-04-2023',841
220,'15-03-2023',45
221,'07-02-2025',965
222,'20-07-2024',317
223,'08-12-2025',221
224,'26-06-2023',250
225,'18-12-2025',698
226,'12-03-2023',303
227,'03-11-2025',803
228,'24-05-2023',178
229,'22-10-2023',750
230,'23-05-2025',935
231,'26-07-2025',275
232,'07-08-2025',216
233,'25-06-2024',404
234,'03-05-2023',946
235,'24-05-2023',403
236,'16-09-2025',468
237,'10-03-2025',44
238,'11-03-2025',253
239,'24-12-2023',73
240,'01-01-2023',256
241,'05-11-2025',767
242,'17-12-2025',258
243,'17-12-2024',668
244,'17-12-2025',524
245,'01-02-2024',338
246,'11-01-2024',205
247,'12-02-2023',928
248,'30-05-2025',231
249,'01-05-2025',114
250,'23-01-2025',16
251,'04-01-2025',580
252,'08-12-2025',500
253,'18-07-2025',179
254,'01-04-2025',182
255,'03-03-2024',968
256,'19-12-2024',792
257,'01-07-2025',853
258,'13-09-2024',242
259,'19-12-2023',272
260,'19-01-2025',322
261,'05-03-2025',435
262,'13-03-2025',412
263,'02-04-2025',983
264,'03-12-2025',690
265,'15-10-2025',627
266,'13-03-2024',902
267,'18-07-2023',302
268,'10-05-2024',437
269,'14-11-2024',502
270,'22-03-2024',490
271,'13-06-2025',727
272,'24-01-2023',218
273,'03-02-2023',352
274,'11-07-2023',869
275,'26-10-2025',79
276,'18-01-2025',39
277,'16-05-2023',403
278,'10-08-2024',86
279,'31-03-2024',274
280,'12-01-2023',105
281,'16-10-2024',11
282,'19-10-2023',66
283,'26-12-2024',82
284,'06-05-2024',703
285,'11-02-2023',399
286,'26-02-2024',651
287,'18-10-2023',250
288,'12-11-2025',189
289,'04-10-2025',6
290,'03-04-2024',607
291,'17-10-2025',122
292,'18-11-2024',68
293,'31-08-2024',935
294,'31-10-2025',36
295,'05-09-2025',551
296,'12-10-2025',380
297,'29-06-2023',622
298,'24-03-2025',683
299,'25-04-2023',351
300,'22-08-2025',380
301,'04-03-2024',190
302,'22-02-2023',89
303,'03-05-2025',377
304,'06-09-2023',548
305,'19-04-2024',775
306,'24-01-2024',328
307,'22-05-2025',878
308,'04-07-2023',902
309,'12-03-2023',345
310,'19-04-2024',777
311,'14-02-2025',842
312,'09-03-2024',621
313,'05-04-2024',536
314,'02-01-2023',875
315,'23-04-2025',605
316,'02-04-2024',68
317,'24-09-2024',978
318,'08-04-2023',379
319,'07-10-2023',952
320,'21-07-2023',663
321,'10-02-2023',596
322,'11-12-2025',136
323,'23-03-2025',654
324,'20-08-2025',559
325,'12-11-2023',991
326,'13-12-2024',914
327,'24-08-2025',630
328,'13-05-2023',125
329,'12-10-2023',722
330,'07-02-2025',702
331,'24-02-2023',516
332,'22-11-2023',944
333,'09-01-2023',783
334,'26-02-2023',46
335,'20-01-2024',449
336,'03-01-2025',957
337,'15-10-2023',598
338,'20-07-2023',816
339,'07-02-2024',362
340,'11-03-2025',386
341,'02-12-2025',938
342,'15-02-2024',931
343,'17-08-2023',229
344,'17-06-2024',746
345,'29-08-2023',308
346,'17-03-2025',367
347,'13-02-2023',369
348,'20-08-2023',440
349,'06-03-2025',61
350,'01-05-2025',489
351,'05-03-2023',66
352,'19-03-2023',660
353,'27-07-2025',503
354,'20-07-2023',310
355,'08-02-2023',898
356,'04-04-2024',293
357,'25-03-2024',401
358,'28-02-2024',966
359,'07-09-2025',992
360,'02-03-2024',202
361,'05-08-2023',614
362,'30-10-2025',557
363,'24-02-2025',520
364,'18-07-2024',2
365,'10-01-2023',914
366,'18-05-2025',242
367,'02-04-2025',996
368,'11-02-2023',700
369,'04-01-2025',99
370,'23-03-2025',907
371,'14-01-2023',980
372,'10-11-2024',590
373,'22-06-2025',155
374,'09-04-2025',977
375,'07-12-2025',631
376,'05-07-2024',730
377,'19-05-2023',432
378,'24-05-2023',246
379,'23-07-2024',296
380,'28-08-2023',336
381,'17-04-2023',187
382,'11-03-2025',296
383,'25-03-2023',903
384,'09-07-2025',497
385,'31-05-2025',328
386,'13-12-2023',512
387,'19-01-2025',536
388,'01-01-2023',469
389,'21-09-2025',938
390,'19-06-2023',549
391,'10-09-2024',449
392,'21-07-2024',153
393,'15-04-2024',386
394,'10-03-2024',774
395,'08-01-2024',348
396,'07-10-2024',997
397,'05-04-2025',987
398,'13-06-2024',736
399,'22-01-2023',868
400,'05-01-2024',406
401,'03-02-2024',295
402,'08-06-2024',540
403,'15-10-2025',392
404,'30-11-2024',654
405,'16-07-2025',302
406,'23-04-2025',586
407,'31-01-2024',444
408,'03-06-2023',800
409,'21-08-2023',632
410,'16-07-2023',76
411,'23-12-2023',513
412,'10-09-2024',814
413,'09-10-2025',887
414,'29-11-2024',830
415,'10-06-2024',384
416,'15-09-2024',582
417,'07-11-2025',355
418,'12-04-2025',257
419,'24-08-2025',763
420,'11-02-2023',261
421,'10-10-2024',967
422,'11-06-2024',467
423,'20-07-2025',772
424,'02-03-2024',968
425,'02-03-2025',132
426,'13-05-2023',45
427,'30-08-2025',214
428,'08-04-2024',650
429,'18-10-2025',477
430,'05-08-2023',759
431,'05-07-2023',370
432,'13-06-2024',137
433,'09-10-2023',606
434,'13-12-2023',980
435,'15-03-2023',286
436,'25-10-2023',606
437,'28-05-2025',842
438,'11-02-2023',829
439,'20-09-2024',780
440,'21-11-2024',281
441,'01-06-2025',912
442,'23-05-2025',571
443,'11-06-2023',811
444,'14-10-2024',5
445,'24-10-2025',606
446,'02-02-2024',276
447,'25-11-2025',209
448,'04-11-2025',479
449,'27-07-2025',984
450,'26-11-2024',359
451,'25-11-2023',312
452,'22-10-2025',249
453,'07-04-2023',241
454,'10-04-2024',196
455,'28-12-2023',628
456,'30-10-2023',473
457,'14-06-2024',568
458,'13-05-2024',738
459,'25-03-2024',369
460,'02-09-2025',390
461,'26-06-2023',593
462,'27-07-2024',268
463,'24-11-2025',799
464,'09-11-2025',47
465,'16-11-2023',409
466,'15-03-2023',254
467,'16-08-2023',293
468,'17-03-2024',577
469,'01-11-2025',332
470,'07-08-2025',8
471,'11-02-2024',804
472,'13-04-2025',161
473,'15-03-2025',67
474,'29-08-2023',863
475,'31-01-2023',150
476,'06-06-2024',731
477,'23-09-2023',390
478,'29-10-2024',327
479,'01-12-2024',275
480,'24-07-2024',446
481,'14-03-2023',16
482,'05-05-2024',682
483,'17-11-2024',170
484,'18-06-2024',626
485,'08-01-2024',250
486,'04-05-2024',185
487,'29-10-2025',346
488,'27-08-2024',786
489,'30-05-2025',841
490,'20-04-2024',773
491,'23-05-2025',779
492,'06-10-2023',707
493,'04-12-2025',497
494,'23-10-2025',940
495,'10-07-2024',666
496,'20-08-2024',558
497,'05-05-2025',536
498,'30-11-2025',931
499,'05-09-2023',914
500,'13-04-2023',400
501,'22-02-2025',23
502,'11-01-2023',743
503,'11-04-2023',868
504,'01-12-2025',684
505,'30-08-2025',225
506,'12-09-2025',171
507,'22-04-2025',144
508,'02-07-2024',53
509,'19-01-2024',455
510,'08-01-2023',662
511,'27-08-2025',735
512,'16-04-2024',363
513,'14-08-2023',992
514,'27-04-2024',801
515,'27-02-2025',620
516,'12-05-2025',358
517,'14-06-2025',566
518,'02-07-2023',580
519,'15-08-2023',286
520,'22-10-2024',758
521,'26-05-2024',461
522,'08-03-2024',172
523,'24-08-2024',981
524,'15-12-2023',878
525,'29-07-2024',989
526,'22-03-2025',301
527,'03-07-2025',923
528,'31-03-2025',891
529,'05-06-2025',432
530,'24-09-2025',858
531,'13-03-2024',733
532,'09-01-2024',687
533,'15-01-2024',458
534,'23-07-2024',307
535,'22-10-2025',325
536,'11-12-2025',736
537,'04-11-2023',933
538,'14-04-2023',830
539,'27-04-2024',67
540,'14-10-2024',377
541,'09-08-2025',416
542,'26-03-2023',123
543,'04-08-2024',302
544,'24-12-2024',346
545,'12-05-2024',197
546,'29-10-2025',934
547,'23-11-2024',222
548,'04-02-2024',121
549,'09-03-2024',695
550,'02-05-2023',873
551,'07-08-2025',990
552,'02-02-2024',716
553,'02-08-2023',20
554,'25-02-2024',179
555,'11-07-2023',605
556,'21-08-2024',447
557,'30-03-2025',346
558,'15-04-2024',635
559,'22-09-2025',525
560,'06-11-2024',585
561,'21-02-2023',813
562,'02-04-2025',251
563,'04-10-2024',954
564,'25-02-2024',463
565,'23-02-2023',511
566,'22-07-2024',850
567,'12-09-2023',569
568,'25-05-2024',631
569,'24-03-2024',266
570,'14-09-2025',465
571,'25-10-2024',506
572,'12-11-2025',531
573,'12-01-2025',526
574,'08-02-2024',417
575,'14-02-2025',68
576,'07-07-2025',941
577,'16-09-2025',960
578,'24-06-2024',658
579,'24-11-2024',30
580,'02-10-2025',119
581,'23-07-2023',690
582,'09-06-2025',250
583,'25-06-2024',610
584,'12-02-2023',566
585,'18-05-2024',383
586,'13-10-2023',362
587,'11-09-2024',659
588,'07-10-2023',727
589,'07-06-2024',801
590,'25-05-2025',741
591,'24-12-2023',428
592,'27-11-2025',261
593,'01-08-2025',126
594,'30-06-2025',131
595,'15-03-2025',220
596,'11-06-2024',456
597,'19-05-2023',554
598,'12-08-2025',259
599,'01-11-2025',35
600,'23-10-2023',273
601,'11-08-2025',743
602,'14-04-2025',550
603,'09-12-2024',106
604,'20-06-2024',20
605,'31-08-2023',798
606,'04-01-2023',354
607,'29-05-2023',697
608,'28-05-2023',78
609,'30-11-2025',661
610,'27-09-2023',877
611,'21-04-2024',59
612,'14-01-2024',114
613,'25-01-2024',915
614,'09-07-2025',512
615,'16-10-2023',6
616,'10-02-2024',384
617,'26-12-2024',406
618,'03-09-2023',555
619,'26-09-2023',512
620,'30-04-2025',523
621,'10-12-2023',734
622,'08-12-2023',720
623,'26-02-2023',104
624,'05-05-2024',551
625,'21-03-2023',529
626,'13-08-2025',201
627,'03-06-2024',98
628,'16-04-2025',806
629,'24-11-2023',927
630,'24-08-2024',606
631,'11-06-2023',375
632,'16-06-2023',235
633,'25-04-2024',489
634,'23-07-2023',27
635,'09-01-2025',393
636,'20-08-2023',142
637,'19-04-2024',189
638,'26-02-2023',806
639,'19-12-2024',202
640,'22-07-2023',445
641,'28-01-2024',240
642,'28-03-2023',486
643,'05-01-2024',133
644,'30-08-2025',463
645,'22-06-2024',735
646,'11-05-2024',989
647,'01-04-2025',576
648,'16-06-2023',395
649,'26-09-2023',257
650,'12-02-2025',84
651,'27-08-2024',605
652,'02-03-2024',309
653,'03-09-2025',273
654,'29-10-2024',15
655,'14-11-2025',481
656,'21-03-2025',922
657,'24-11-2024',235
658,'12-11-2024',560
659,'30-05-2023',348
660,'29-09-2023',335
661,'30-07-2024',959
662,'22-07-2023',227
663,'10-10-2023',609
664,'02-04-2024',396
665,'24-05-2025',184
666,'11-05-2023',251
667,'02-06-2025',153
668,'18-11-2024',659
669,'02-01-2024',207
670,'16-04-2024',840
671,'06-02-2025',956
672,'25-02-2023',566
673,'03-02-2025',575
674,'11-01-2025',989
675,'02-03-2025',192
676,'13-09-2024',448
677,'08-02-2025',233
678,'07-05-2025',395
679,'07-09-2025',610
680,'07-07-2025',318
681,'31-07-2023',907
682,'23-01-2023',352
683,'26-07-2023',829
684,'08-12-2024',297
685,'17-01-2025',999
686,'20-06-2024',801
687,'07-03-2025',221
688,'07-04-2024',848
689,'09-01-2023',471
690,'25-02-2025',116
691,'29-09-2023',208
692,'22-02-2024',957
693,'19-02-2025',622
694,'04-11-2024',68
695,'08-11-2023',171
696,'15-10-2024',964
697,'23-02-2024',935
698,'23-04-2023',813
699,'30-11-2024',408
700,'08-10-2023',990
701,'15-10-2023',111
702,'15-10-2023',706
703,'02-04-2024',512
704,'15-05-2024',121
705,'08-05-2025',605
706,'15-09-2024',412
707,'03-06-2024',962
708,'26-08-2023',623
709,'24-04-2023',580
710,'23-11-2025',512
711,'23-01-2025',598
712,'11-01-2024',248
713,'09-05-2024',129
714,'02-06-2024',805
715,'26-01-2023',427
716,'03-08-2023',4
717,'24-05-2023',17
718,'29-12-2024',40
719,'08-12-2023',319
720,'03-06-2024',697
721,'14-10-2024',990
722,'31-03-2024',170
723,'25-10-2025',703
724,'30-09-2023',490
725,'31-10-2025',515
726,'19-10-2023',276
727,'08-10-2024',849
728,'14-03-2023',880
729,'17-02-2024',836
730,'17-03-2025',193
731,'08-12-2024',29
732,'06-11-2023',982
733,'23-05-2024',111
734,'12-08-2024',995
735,'15-09-2024',726
736,'25-06-2023',298
737,'05-09-2025',104
738,'25-11-2023',230
739,'24-10-2024',656
740,'28-05-2024',756
741,'12-08-2025',622
742,'22-08-2025',566
743,'27-01-2023',328
744,'26-01-2025',431
745,'28-07-2024',110
746,'13-08-2024',858
747,'07-05-2023',253
748,'16-11-2023',896
749,'27-04-2024',737
750,'09-04-2024',351
751,'04-09-2023',766
752,'01-12-2025',318
753,'05-01-2023',167
754,'29-05-2025',16
755,'20-06-2025',622
756,'23-06-2024',959
757,'04-05-2023',780
758,'06-11-2024',262
759,'11-09-2024',859
760,'19-04-2025',360
761,'26-03-2025',226
762,'19-08-2023',500
763,'13-07-2023',454
764,'27-02-2023',290
765,'10-02-2024',823
766,'17-05-2024',545
767,'08-02-2024',219
768,'29-09-2024',320
769,'18-03-2025',34
770,'03-01-2025',844
771,'13-09-2025',252
772,'22-04-2024',84
773,'27-10-2025',532
774,'05-10-2023',410
775,'17-04-2025',250
776,'22-07-2023',688
777,'11-06-2024',38
778,'18-06-2024',131
779,'03-06-2025',919
780,'16-03-2024',565
781,'04-12-2024',888
782,'11-06-2025',376
783,'28-08-2024',985
784,'03-12-2024',158
785,'17-01-2023',781
786,'11-05-2023',160
787,'10-03-2023',48
788,'14-04-2024',524
789,'22-09-2024',861
790,'27-02-2025',872
791,'29-09-2023',441
792,'12-06-2024',451
793,'25-10-2025',560
794,'03-02-2025',805
795,'12-05-2023',81
796,'30-01-2025',615
797,'23-05-2023',250
798,'14-09-2025',545
799,'26-08-2023',94
800,'19-06-2024',235
801,'19-08-2023',128
802,'04-10-2025',537
803,'20-07-2023',772
804,'15-10-2024',742
805,'12-10-2025',822
806,'08-08-2025',600
807,'26-06-2023',516
808,'13-05-2024',978
809,'09-01-2025',493
810,'05-01-2025',839
811,'17-07-2023',226
812,'18-01-2025',704
813,'14-10-2025',565
814,'16-01-2025',929
815,'14-09-2024',379
816,'18-02-2025',565
817,'22-12-2025',347
818,'01-02-2025',868
819,'04-10-2025',119
820,'05-04-2025',110
821,'23-02-2025',181
822,'29-05-2024',501
823,'12-09-2024',633
824,'25-11-2024',10
825,'16-06-2025',920
826,'24-11-2024',966
827,'28-01-2025',907
828,'17-06-2023',38
829,'02-03-2023',957
830,'12-07-2025',579
831,'13-08-2023',764
832,'22-10-2024',985
833,'18-06-2023',268
834,'02-05-2023',738
835,'26-01-2023',965
836,'11-11-2025',831
837,'30-05-2025',925
838,'19-07-2024',563
839,'09-08-2025',590
840,'26-09-2024',384
841,'30-08-2024',346
842,'22-01-2025',138
843,'20-11-2025',789
844,'06-06-2024',798
845,'02-11-2024',961
846,'24-07-2025',590
847,'11-06-2023',652
848,'31-10-2025',485
849,'18-02-2023',453
850,'04-03-2025',715
851,'30-03-2024',861
852,'08-04-2023',952
853,'27-05-2024',426
854,'02-11-2024',20
855,'17-02-2025',674
856,'04-09-2023',998
857,'09-11-2024',643
858,'05-05-2025',648
859,'22-03-2024',326
860,'04-04-2023',670
861,'22-10-2024',240
862,'25-11-2024',599
863,'06-02-2023',367
864,'28-10-2024',287
865,'17-01-2023',247
866,'22-02-2024',856
867,'26-08-2024',56
868,'31-12-2024',359
869,'15-08-2024',692
870,'03-04-2024',7
871,'20-01-2025',113
872,'28-02-2023',846
873,'01-09-2024',657
874,'27-12-2025',447
875,'05-02-2025',770
876,'22-12-2023',970
877,'30-11-2023',881
878,'22-02-2023',190
879,'26-06-2025',603
880,'20-05-2024',360
881,'23-03-2024',858
882,'19-07-2025',110
883,'09-07-2025',797
884,'16-08-2025',5
885,'13-04-2025',585
886,'08-07-2023',437
887,'03-06-2023',550
888,'16-06-2024',610
889,'15-04-2024',177
890,'30-04-2025',799
891,'06-07-2024',813
892,'26-08-2023',333
893,'27-01-2025',266
894,'03-04-2023',383
895,'24-01-2023',769
896,'25-03-2024',306
897,'06-04-2024',687
898,'16-12-2025',568
899,'29-10-2025',674
900,'10-10-2023',129
901,'02-06-2025',409
902,'12-06-2023',462
903,'16-07-2025',435
904,'21-07-2024',347
905,'17-12-2023',555
906,'16-10-2023',544
907,'05-02-2025',46
908,'05-10-2025',411
909,'09-09-2025',315
910,'28-02-2024',239
911,'09-12-2024',443
912,'24-02-2024',907
913,'03-04-2025',306
914,'11-11-2023',675
915,'03-09-2025',713
916,'31-01-2023',447
917,'17-12-2025',713
918,'22-10-2024',698
919,'13-03-2025',205
920,'15-06-2023',173
921,'25-06-2024',436
922,'14-10-2023',305
923,'22-05-2025',763
924,'30-11-2025',535
925,'07-04-2023',396
926,'08-02-2023',613
927,'20-05-2025',321
928,'03-09-2025',935
929,'29-04-2024',109
930,'23-08-2024',853
931,'06-03-2023',292
932,'21-04-2023',28
933,'12-08-2024',275
934,'17-10-2024',183
935,'22-08-2023',912
936,'28-07-2024',590
937,'15-02-2023',58
938,'02-06-2025',851
939,'12-12-2024',458
940,'24-08-2024',419
941,'17-10-2025',387
942,'07-09-2025',43
943,'24-05-2024',59
944,'14-09-2025',788
945,'04-05-2023',997
946,'23-12-2024',734
947,'08-04-2024',262
948,'17-10-2024',878
949,'24-01-2023',911
950,'27-06-2025',70
951,'11-08-2023',757
952,'14-12-2025',504
953,'11-01-2024',919
954,'09-04-2025',317
955,'19-07-2025',884
956,'10-09-2023',556
957,'04-06-2023',397
958,'08-06-2023',432
959,'12-07-2023',489
960,'04-09-2023',536
961,'23-05-2023',489
962,'13-10-2024',537
963,'23-10-2024',625
964,'21-02-2024',239
965,'07-12-2025',623
966,'12-07-2024',407
967,'12-05-2024',480
968,'23-07-2024',576
969,'09-11-2025',603
970,'03-09-2025',972
971,'11-07-2024',717
972,'31-07-2024',341
973,'21-02-2024',869
974,'22-10-2023',446
975,'08-04-2024',828
976,'14-09-2023',383
977,'01-06-2024',624
978,'16-10-2025',759
979,'02-11-2023',519
980,'22-08-2025',254
981,'13-07-2023',612
982,'08-12-2024',567
983,'02-01-2025',962
984,'01-05-2023',597
985,'12-02-2025',157
986,'02-10-2023',802
987,'19-06-2023',783
988,'26-01-2023',815
989,'19-01-2025',456
990,'01-05-2024',485
991,'24-06-2024',528
992,'06-09-2023',145
993,'12-05-2025',459
994,'23-02-2023',652
995,'10-01-2024',982
996,'08-08-2025',491
997,'20-10-2023',610
998,'27-05-2023',579
999,'08-05-2024',455
1000,'18-07-2024',178
1001,'17-12-2023',1000
1002,'02-06-2025',518
1003,'16-07-2025',796
1004,'17-05-2024',770
1005,'26-06-2025',603
1006,'29-09-2024',487
1007,'17-03-2024',400
1008,'22-04-2023',889
1009,'18-01-2025',139
1010,'10-03-2024',657
1011,'29-08-2023',31
1012,'03-05-2024',120
1013,'06-11-2025',486
1014,'11-09-2023',798
1015,'02-05-2023',343
1016,'15-12-2024',157
1017,'06-03-2024',434
1018,'23-08-2025',74
1019,'04-09-2025',701
1020,'06-06-2025',463
1021,'28-10-2025',553
1022,'13-04-2023',424
1023,'10-10-2023',688
1024,'31-05-2023',292
1025,'12-03-2025',317
1026,'05-01-2024',754
1027,'22-07-2023',806
1028,'12-03-2025',802
1029,'26-05-2024',645
1030,'06-08-2024',411
1031,'19-08-2024',124
1032,'03-11-2023',105
1033,'25-10-2023',351
1034,'12-02-2025',268
1035,'25-04-2025',233
1036,'24-06-2025',143
1037,'03-09-2024',312
1038,'23-05-2023',146
1039,'01-07-2025',953
1040,'21-04-2024',813
1041,'17-08-2025',267
1042,'01-04-2023',485
1043,'14-07-2024',556
1044,'09-10-2024',791
1045,'22-08-2024',165
1046,'24-11-2023',844
1047,'22-12-2023',517
1048,'05-05-2024',986
1049,'22-08-2025',809
1050,'30-06-2024',916
1051,'26-03-2023',780
1052,'18-11-2025',903
1053,'12-01-2023',337
1054,'27-12-2025',689
1055,'27-10-2025',847
1056,'22-12-2023',462
1057,'30-04-2024',516
1058,'04-12-2023',818
1059,'07-07-2024',125
1060,'19-11-2025',327
1061,'26-04-2024',863
1062,'30-12-2023',922
1063,'03-01-2023',454
1064,'09-02-2024',973
1065,'08-05-2023',359
1066,'01-06-2023',683
1067,'03-04-2025',705
1068,'23-09-2024',451
1069,'22-11-2023',609
1070,'31-03-2023',66
1071,'22-09-2025',307
1072,'14-03-2025',482
1073,'11-07-2023',906
1074,'07-02-2024',367
1075,'05-01-2023',632
1076,'07-01-2024',862
1077,'19-09-2023',45
1078,'04-10-2024',691
1079,'01-09-2025',429
1080,'19-09-2024',164
1081,'08-11-2025',408
1082,'03-06-2025',422
1083,'30-09-2025',533
1084,'23-07-2024',163
1085,'11-07-2025',796
1086,'26-09-2024',798
1087,'09-10-2025',19
1088,'17-05-2024',614
1089,'07-01-2025',935
1090,'09-11-2024',325
1091,'29-07-2023',849
1092,'12-10-2025',927
1093,'17-12-2025',359
1094,'25-06-2024',432
1095,'07-06-2023',146
1096,'18-03-2024',225
1097,'25-12-2023',176
1098,'11-01-2025',737
1099,'30-07-2025',24
1100,'31-05-2023',785
1101,'08-06-2025',886
1102,'27-01-2024',624
1103,'06-11-2025',497
1104,'25-10-2024',656
1105,'15-01-2025',157
1106,'11-05-2024',430
1107,'12-01-2023',159
1108,'23-10-2025',683
1109,'06-06-2023',880
1110,'23-08-2024',397
1111,'16-07-2025',363
1112,'15-04-2024',167
1113,'02-03-2023',442
1114,'14-02-2024',135
1115,'19-02-2024',60
1116,'02-09-2025',464
1117,'30-12-2024',612
1118,'04-02-2024',212
1119,'20-03-2024',480
1120,'14-09-2023',948
1121,'27-03-2025',969
1122,'04-11-2023',477
1123,'15-09-2024',640
1124,'16-12-2023',847
1125,'05-05-2024',74
1126,'28-03-2024',277
1127,'02-07-2023',347
1128,'11-08-2024',686
1129,'06-01-2025',361
1130,'05-07-2025',320
1131,'18-05-2024',973
1132,'15-02-2023',732
1133,'15-07-2023',69
1134,'18-07-2025',8
1135,'11-02-2025',239
1136,'07-06-2024',280
1137,'13-10-2024',335
1138,'17-05-2025',555
1139,'30-06-2025',127
1140,'25-04-2025',752
1141,'10-11-2024',647
1142,'13-12-2024',321
1143,'22-10-2024',782
1144,'28-01-2025',488
1145,'11-12-2024',152
1146,'19-03-2025',493
1147,'16-05-2025',617
1148,'22-10-2024',580
1149,'15-07-2024',108
1150,'29-07-2024',60
1151,'27-05-2025',289
1152,'05-06-2025',170
1153,'01-11-2024',957
1154,'23-01-2023',388
1155,'09-07-2023',805
1156,'10-01-2025',191
1157,'13-04-2025',923
1158,'10-05-2025',164
1159,'01-11-2024',497
1160,'03-02-2025',379
1161,'05-12-2023',322
1162,'21-03-2024',568
1163,'22-03-2025',598
1164,'29-02-2024',211
1165,'10-09-2023',460
1166,'26-11-2023',459
1167,'22-08-2024',327
1168,'28-02-2024',405
1169,'09-06-2025',431
1170,'28-11-2023',141
1171,'21-10-2025',174
1172,'05-09-2023',728
1173,'19-12-2023',150
1174,'09-11-2024',31
1175,'17-12-2024',306
1176,'24-07-2023',77
1177,'12-03-2024',865
1178,'14-01-2024',834
1179,'19-07-2023',708
1180,'22-07-2025',525
1181,'26-08-2024',389
1182,'04-11-2025',285
1183,'12-06-2024',438
1184,'28-05-2025',512
1185,'11-11-2025',132
1186,'11-02-2025',936
1187,'24-11-2023',425
1188,'23-05-2024',586
1189,'13-07-2023',437
1190,'28-10-2023',266
1191,'02-11-2023',367
1192,'12-05-2024',715
1193,'25-11-2025',661
1194,'18-02-2025',53
1195,'28-09-2023',850
1196,'15-02-2024',78
1197,'08-11-2025',621
1198,'28-06-2023',766
1199,'01-07-2025',121
1200,'06-04-2023',105
1201,'15-04-2023',708
1202,'01-11-2023',737
1203,'28-07-2025',129
1204,'26-10-2023',524
1205,'28-03-2023',421
1206,'17-09-2025',492
1207,'23-01-2024',745
1208,'05-08-2023',947
1209,'27-02-2024',326
1210,'17-09-2023',137
1211,'30-09-2025',867
1212,'26-09-2024',402
1213,'31-10-2023',379
1214,'31-01-2023',916
1215,'06-11-2024',681
1216,'26-07-2025',957
1217,'02-12-2024',547
1218,'28-12-2024',509
1219,'02-10-2025',920
1220,'04-07-2025',563
1221,'20-09-2025',107
1222,'23-04-2025',318
1223,'14-01-2024',218
1224,'03-06-2025',235
1225,'23-02-2025',164
1226,'03-10-2023',396
1227,'11-09-2025',345
1228,'28-10-2024',176
1229,'07-06-2023',181
1230,'27-07-2023',708
1231,'30-03-2025',513
1232,'07-08-2024',845
1233,'31-10-2023',582
1234,'06-10-2023',546
1235,'20-02-2025',743
1236,'11-12-2023',860
1237,'19-05-2025',806
1238,'08-04-2024',316
1239,'14-02-2025',912
1240,'12-03-2025',917
1241,'16-10-2024',545
1242,'27-05-2025',94
1243,'02-05-2025',712
1244,'17-09-2025',910
1245,'19-01-2025',177
1246,'14-11-2023',400
1247,'04-02-2024',332
1248,'03-08-2025',384
1249,'11-02-2025',839
1250,'10-09-2024',783
1251,'08-10-2024',844
1252,'22-06-2023',782
1253,'19-12-2024',816
1254,'19-06-2023',439
1255,'03-06-2025',402
1256,'01-07-2024',166
1257,'14-01-2024',799
1258,'24-05-2024',724
1259,'19-10-2024',363
1260,'08-09-2025',44
1261,'22-02-2024',81
1262,'11-12-2024',250
1263,'04-02-2025',611
1264,'18-11-2023',127
1265,'31-10-2023',905
1266,'26-01-2024',488
1267,'20-12-2025',93
1268,'01-08-2023',847
1269,'08-08-2023',681
1270,'20-02-2023',823
1271,'12-05-2025',110
1272,'28-10-2024',7
1273,'06-04-2025',520
1274,'21-01-2025',135
1275,'18-09-2025',307
1276,'09-12-2023',854
1277,'16-06-2025',850
1278,'08-02-2024',741
1279,'26-01-2024',446
1280,'26-09-2025',514
1281,'15-04-2023',253
1282,'05-12-2025',802
1283,'24-01-2024',889
1284,'24-12-2024',650
1285,'29-09-2024',428
1286,'03-02-2023',605
1287,'19-02-2024',8
1288,'16-08-2023',808
1289,'21-02-2025',345
1290,'08-04-2023',698
1291,'18-05-2025',117
1292,'09-08-2025',959
1293,'01-04-2023',994
1294,'07-08-2023',635
1295,'20-11-2024',423
1296,'26-06-2023',56
1297,'20-08-2024',448
1298,'22-12-2023',573
1299,'12-08-2024',915
1300,'10-01-2025',110
1301,'26-09-2025',263
1302,'25-10-2024',944
1303,'12-09-2025',884
1304,'20-02-2024',338
1305,'07-05-2023',299
1306,'21-04-2024',438
1307,'03-09-2023',927
1308,'21-06-2023',864
1309,'06-09-2025',767
1310,'17-12-2024',752
1311,'18-11-2023',554
1312,'01-01-2025',977
1313,'25-03-2025',774
1314,'23-12-2024',674
1315,'09-08-2023',69
1316,'25-03-2025',173
1317,'20-04-2025',973
1318,'13-01-2025',265
1319,'25-06-2024',289
1320,'26-09-2023',869
1321,'18-12-2024',940
1322,'08-11-2023',42
1323,'22-11-2023',329
1324,'22-03-2024',32
1325,'14-02-2025',69
1326,'04-02-2023',51
1327,'22-08-2024',204
1328,'18-12-2025',180
1329,'26-08-2025',596
1330,'31-03-2024',299
1331,'08-08-2023',940
1332,'10-05-2025',414
1333,'01-03-2023',219
1334,'30-12-2024',454
1335,'21-07-2025',796
1336,'01-03-2024',984
1337,'14-03-2024',824
1338,'10-01-2024',979
1339,'08-08-2023',423
1340,'25-10-2023',771
1341,'12-02-2025',880
1342,'12-08-2024',777
1343,'15-02-2023',318
1344,'05-01-2023',713
1345,'22-05-2025',97
1346,'20-11-2023',478
1347,'04-10-2024',877
1348,'22-04-2023',989
1349,'25-04-2025',962
1350,'17-02-2024',873
1351,'26-02-2024',400
1352,'05-06-2024',424
1353,'26-04-2023',131
1354,'28-09-2024',51
1355,'28-08-2023',670
1356,'22-09-2025',383
1357,'12-08-2024',317
1358,'03-01-2024',994
1359,'17-06-2023',486
1360,'05-12-2024',298
1361,'06-05-2025',7
1362,'13-08-2023',753
1363,'15-05-2025',838
1364,'28-08-2025',939
1365,'11-11-2024',363
1366,'24-07-2025',365
1367,'19-01-2025',586
1368,'28-04-2024',385
1369,'02-01-2025',91
1370,'15-05-2023',443
1371,'19-10-2024',492
1372,'04-05-2025',313
1373,'19-07-2024',955
1374,'14-05-2024',680
1375,'08-02-2024',452
1376,'07-10-2023',115
1377,'15-06-2023',744
1378,'11-12-2023',680
1379,'21-09-2025',842
1380,'13-04-2024',358
1381,'20-07-2023',313
1382,'24-01-2023',167
1383,'18-12-2023',162
1384,'08-08-2025',637
1385,'02-10-2025',855
1386,'13-06-2025',542
1387,'10-08-2023',382
1388,'07-03-2024',719
1389,'07-02-2023',857
1390,'28-12-2024',113
1391,'20-11-2023',428
1392,'06-10-2024',254
1393,'04-10-2025',106
1394,'12-12-2023',708
1395,'28-12-2024',29
1396,'18-07-2025',943
1397,'12-10-2024',870
1398,'07-05-2025',225
1399,'08-01-2024',694
1400,'20-01-2023',426
1401,'21-08-2023',884
1402,'03-02-2024',257
1403,'25-12-2025',674
1404,'26-07-2025',356
1405,'25-03-2025',576
1406,'28-12-2025',345
1407,'14-10-2023',373
1408,'29-03-2025',322
1409,'27-09-2025',524
1410,'06-06-2025',659
1411,'03-07-2025',950
1412,'26-07-2024',456
1413,'19-10-2024',380
1414,'18-05-2025',451
1415,'31-03-2024',478
1416,'04-12-2023',764
1417,'24-09-2023',516
1418,'27-06-2024',911
1419,'20-09-2025',293
1420,'27-11-2023',382
1421,'16-05-2025',232
1422,'12-11-2025',399
1423,'13-05-2023',447
1424,'19-11-2025',486
1425,'23-01-2023',650
1426,'11-05-2024',836
1427,'07-01-2023',221
1428,'18-12-2025',745
1429,'03-11-2023',342
1430,'11-11-2024',104
1431,'28-12-2025',296
1432,'27-07-2025',974
1433,'29-06-2023',447
1434,'13-12-2024',701
1435,'25-09-2025',756
1436,'18-01-2025',691
1437,'26-01-2024',419
1438,'24-09-2025',104
1439,'19-08-2023',185
1440,'21-08-2025',839
1441,'03-02-2023',474
1442,'25-11-2023',223
1443,'29-10-2024',87
1444,'12-08-2023',488
1445,'23-10-2023',180
1446,'07-12-2024',442
1447,'13-07-2024',760
1448,'15-08-2023',236
1449,'03-12-2025',943
1450,'02-01-2023',340
1451,'04-04-2024',413
1452,'31-07-2025',289
1453,'24-03-2023',945
1454,'17-03-2023',447
1455,'05-06-2024',41
1456,'07-11-2024',398
1457,'27-09-2023',721
1458,'28-03-2025',481
1459,'16-03-2024',79
1460,'14-04-2024',289
1461,'18-11-2023',716
1462,'11-09-2025',942
1463,'19-06-2023',167
1464,'18-07-2025',298
1465,'20-05-2024',754
1466,'28-07-2024',295
1467,'13-03-2023',236
1468,'30-08-2024',214
1469,'04-09-2024',729
1470,'14-07-2024',48
1471,'23-03-2024',560
1472,'14-07-2023',555
1473,'15-02-2023',421
1474,'21-11-2023',705
1475,'01-10-2025',403
1476,'22-02-2025',502
1477,'08-01-2023',777
1478,'03-05-2025',757
1479,'09-02-2025',147
1480,'21-04-2023',917
1481,'26-01-2024',43
1482,'26-05-2025',665
1483,'27-08-2023',621
1484,'20-04-2024',842
1485,'28-01-2023',49
1486,'18-11-2023',710
1487,'02-10-2024',138
1488,'30-05-2024',20
1489,'09-05-2023',201
1490,'28-11-2023',789
1491,'21-05-2023',627
1492,'28-12-2023',651
1493,'28-07-2023',479
1494,'17-03-2024',305
1495,'05-02-2025',712
1496,'29-11-2023',315
1497,'25-01-2024',656
1498,'03-12-2025',813
1499,'20-04-2023',789
1500,'12-03-2024',290
1501,'30-11-2023',277
1502,'12-03-2024',710
1503,'05-12-2024',887
1504,'15-09-2023',540
1505,'25-08-2025',525
1506,'25-02-2023',988
1507,'06-02-2025',373
1508,'21-11-2024',905
1509,'25-02-2023',975
1510,'11-03-2024',495
1511,'26-06-2024',629
1512,'11-05-2023',318
1513,'17-03-2025',605
1514,'05-11-2023',843
1515,'29-09-2024',499
1516,'04-10-2025',321
1517,'17-10-2023',760
1518,'28-07-2024',899
1519,'18-04-2023',277
1520,'10-12-2024',520
1521,'13-11-2025',38
1522,'28-03-2024',58
1523,'24-01-2024',154
1524,'14-03-2024',790
1525,'02-05-2024',824
1526,'23-09-2023',386
1527,'11-01-2024',725
1528,'19-09-2024',46
1529,'22-10-2024',867
1530,'04-01-2024',470
1531,'11-07-2023',317
1532,'14-01-2025',99
1533,'28-12-2023',298
1534,'03-05-2025',205
1535,'20-04-2025',170
1536,'27-02-2025',158
1537,'27-02-2025',974
1538,'16-04-2023',597
1539,'21-11-2024',621
1540,'04-12-2023',894
1541,'02-10-2024',50
1542,'30-08-2025',153
1543,'22-09-2025',770
1544,'14-04-2024',818
1545,'30-04-2023',609
1546,'06-01-2023',892
1547,'14-08-2023',256
1548,'29-09-2023',736
1549,'25-06-2024',193
1550,'15-01-2025',18
1551,'31-08-2025',992
1552,'12-06-2024',366
1553,'28-01-2024',520
1554,'06-10-2024',128
1555,'06-12-2023',166
1556,'07-02-2023',700
1557,'01-02-2023',765
1558,'07-06-2024',546
1559,'31-08-2025',875
1560,'14-09-2023',293
1561,'14-02-2024',365
1562,'10-11-2023',163
1563,'11-08-2024',395
1564,'07-06-2024',181
1565,'24-09-2023',904
1566,'30-12-2023',253
1567,'08-04-2024',875
1568,'08-09-2024',584
1569,'04-03-2023',788
1570,'06-10-2024',286
1571,'19-03-2025',788
1572,'17-10-2024',520
1573,'08-05-2024',627
1574,'20-05-2023',54
1575,'30-07-2023',75
1576,'06-10-2024',786
1577,'25-08-2025',442
1578,'26-08-2024',320
1579,'30-12-2024',16
1580,'18-02-2023',921
1581,'08-09-2024',701
1582,'04-02-2024',23
1583,'07-02-2023',966
1584,'03-01-2023',297
1585,'09-11-2023',258
1586,'15-04-2025',503
1587,'15-05-2025',579
1588,'01-11-2023',531
1589,'30-04-2025',406
1590,'08-02-2023',343
1591,'24-02-2024',299
1592,'14-09-2024',162
1593,'03-01-2023',738
1594,'03-09-2024',882
1595,'03-11-2025',708
1596,'15-08-2025',702
1597,'16-07-2023',192
1598,'07-11-2025',486
1599,'04-10-2024',974
1600,'10-02-2024',68
1601,'11-12-2023',454
1602,'02-02-2023',27
1603,'29-09-2024',160
1604,'18-09-2024',401
1605,'20-07-2024',876
1606,'19-03-2025',171
1607,'18-07-2023',215
1608,'22-02-2023',415
1609,'15-01-2025',602
1610,'29-02-2024',664
1611,'18-05-2024',386
1612,'13-12-2024',379
1613,'09-12-2024',33
1614,'24-11-2023',803
1615,'11-06-2023',277
1616,'06-11-2025',153
1617,'10-01-2023',996
1618,'14-08-2025',66
1619,'18-02-2023',258
1620,'20-04-2024',844
1621,'24-08-2025',750
1622,'23-05-2025',681
1623,'23-04-2025',996
1624,'27-04-2025',461
1625,'21-09-2024',565
1626,'05-10-2024',997
1627,'30-04-2025',233
1628,'12-04-2024',56
1629,'24-02-2024',501
1630,'25-11-2023',659
1631,'06-02-2023',332
1632,'09-01-2024',771
1633,'29-08-2025',701
1634,'04-12-2025',747
1635,'02-01-2023',532
1636,'07-02-2023',173
1637,'07-06-2024',904
1638,'24-06-2024',793
1639,'20-05-2024',982
1640,'13-12-2024',239
1641,'19-09-2023',120
1642,'29-08-2023',189
1643,'03-06-2024',250
1644,'13-04-2025',980
1645,'08-11-2025',605
1646,'01-11-2025',209
1647,'01-03-2025',551
1648,'24-04-2025',650
1649,'22-02-2024',597
1650,'12-06-2023',735
1651,'17-05-2023',885
1652,'16-04-2024',24
1653,'12-06-2023',756
1654,'17-07-2025',993
1655,'23-12-2025',756
1656,'14-10-2025',761
1657,'08-02-2023',747
1658,'05-09-2024',58
1659,'07-09-2024',923
1660,'25-03-2025',605
1661,'05-04-2024',16
1662,'06-01-2023',522
1663,'06-08-2024',500
1664,'20-06-2024',907
1665,'03-06-2023',916
1666,'03-01-2023',807
1667,'27-02-2024',241
1668,'30-04-2023',277
1669,'31-05-2023',343
1670,'25-07-2025',603
1671,'20-04-2024',432
1672,'26-09-2023',579
1673,'05-11-2025',664
1674,'09-10-2023',726
1675,'03-07-2023',317
1676,'05-01-2024',411
1677,'23-03-2024',355
1678,'20-11-2024',708
1679,'21-11-2023',378
1680,'10-02-2023',378
1681,'23-03-2024',39
1682,'25-05-2023',341
1683,'31-01-2024',801
1684,'28-02-2023',230
1685,'04-10-2025',872
1686,'12-05-2024',514
1687,'01-08-2024',52
1688,'02-04-2023',752
1689,'26-03-2024',843
1690,'03-12-2025',375
1691,'24-01-2024',406
1692,'24-03-2024',557
1693,'26-01-2025',559
1694,'05-09-2023',705
1695,'02-03-2024',586
1696,'28-09-2024',299
1697,'09-01-2024',75
1698,'31-07-2023',701
1699,'20-05-2023',557
1700,'17-06-2024',775
1701,'30-08-2025',783
1702,'13-09-2025',847
1703,'11-05-2023',79
1704,'31-03-2025',443
1705,'29-01-2024',223
1706,'04-01-2023',201
1707,'30-10-2023',999
1708,'01-10-2023',928
1709,'08-02-2025',743
1710,'16-01-2024',474
1711,'30-10-2024',19
1712,'17-06-2023',887
1713,'16-04-2025',543
1714,'19-07-2023',935
1715,'21-03-2023',606
1716,'12-07-2024',273
1717,'04-05-2025',812
1718,'23-04-2023',354
1719,'04-12-2023',419
1720,'19-01-2024',972
1721,'11-04-2024',580
1722,'01-08-2023',845
1723,'13-12-2023',301
1724,'23-12-2023',933
1725,'25-02-2023',698
1726,'05-07-2025',910
1727,'29-07-2025',763
1728,'15-01-2023',749
1729,'12-02-2023',180
1730,'07-03-2023',380
1731,'27-08-2024',967
1732,'17-08-2024',200
1733,'16-01-2025',314
1734,'03-06-2024',618
1735,'23-08-2025',269
1736,'07-11-2024',534
1737,'17-07-2025',552
1738,'06-05-2025',715
1739,'23-04-2025',487
1740,'17-03-2023',270
1741,'06-02-2025',550
1742,'14-10-2024',215
1743,'25-12-2025',230
1744,'12-12-2025',595
1745,'21-08-2023',791
1746,'06-09-2024',922
1747,'22-04-2024',539
1748,'20-06-2024',519
1749,'16-11-2024',40
1750,'08-02-2025',932
1751,'07-10-2023',428
1752,'25-07-2024',469
1753,'25-02-2023',242
1754,'29-01-2025',915
1755,'29-02-2024',92
1756,'08-10-2025',940
1757,'07-10-2023',345
1758,'18-11-2024',503
1759,'12-01-2025',277
1760,'14-02-2023',529
1761,'06-03-2024',714
1762,'13-06-2023',187
1763,'08-10-2023',66
1764,'13-03-2025',77
1765,'20-03-2023',678
1766,'20-04-2024',844
1767,'06-12-2024',389
1768,'07-07-2024',775
1769,'07-01-2023',922
1770,'10-01-2024',76
1771,'19-11-2024',894
1772,'07-04-2025',588
1773,'17-05-2025',718
1774,'20-03-2025',965
1775,'16-11-2023',305
1776,'30-10-2025',652
1777,'15-04-2023',948
1778,'31-08-2025',863
1779,'17-09-2025',193
1780,'06-06-2025',873
1781,'29-06-2023',494
1782,'18-08-2025',37
1783,'09-09-2023',282
1784,'22-10-2025',79
1785,'27-12-2024',365
1786,'18-07-2025',104
1787,'02-03-2025',221
1788,'14-03-2023',63
1789,'18-07-2023',400
1790,'20-09-2025',664
1791,'14-08-2025',755
1792,'16-11-2024',880
1793,'15-03-2023',660
1794,'05-11-2023',266
1795,'16-06-2024',328
1796,'27-05-2025',762
1797,'11-03-2025',55
1798,'19-06-2023',216
1799,'08-03-2024',988
1800,'02-08-2025',714
1801,'01-01-2024',11
1802,'17-10-2024',630
1803,'01-01-2025',635
1804,'26-02-2024',404
1805,'25-02-2024',176
1806,'02-10-2023',896
1807,'23-04-2023',323
1808,'31-10-2023',616
1809,'23-06-2023',716
1810,'12-07-2025',768
1811,'17-04-2023',830
1812,'22-04-2024',605
1813,'20-03-2023',686
1814,'01-10-2024',383
1815,'25-04-2023',6
1816,'08-01-2025',514
1817,'28-11-2025',4
1818,'29-08-2024',462
1819,'01-01-2024',149
1820,'21-01-2024',776
1821,'03-11-2024',304
1822,'14-07-2024',135
1823,'07-08-2024',784
1824,'04-08-2023',202
1825,'10-01-2023',318
1826,'07-04-2023',223
1827,'24-11-2023',58
1828,'24-01-2025',877
1829,'27-05-2023',887
1830,'24-03-2024',734
1831,'21-04-2023',169
1832,'12-07-2025',873
1833,'18-07-2025',345
1834,'16-12-2025',594
1835,'04-01-2025',637
1836,'30-08-2025',733
1837,'28-03-2023',994
1838,'14-03-2023',550
1839,'21-02-2025',109
1840,'21-07-2024',313
1841,'12-11-2025',40
1842,'26-05-2024',743
1843,'28-09-2025',193
1844,'13-10-2024',125
1845,'10-01-2025',100
1846,'01-12-2025',428
1847,'21-03-2024',531
1848,'01-04-2023',819
1849,'02-10-2024',726
1850,'14-04-2025',940
1851,'23-07-2025',953
1852,'03-08-2025',6
1853,'27-08-2024',83
1854,'03-08-2024',763
1855,'18-06-2024',816
1856,'03-04-2024',496
1857,'15-02-2023',116
1858,'01-10-2023',589
1859,'24-06-2024',937
1860,'07-08-2023',86
1861,'28-12-2025',958
1862,'26-11-2024',64
1863,'17-12-2023',112
1864,'30-04-2024',221
1865,'01-06-2023',564
1866,'05-05-2024',262
1867,'27-08-2023',656
1868,'04-11-2025',379
1869,'05-12-2025',464
1870,'08-07-2025',43
1871,'03-04-2024',731
1872,'27-03-2023',871
1873,'24-12-2023',295
1874,'03-06-2023',125
1875,'07-10-2024',105
1876,'28-03-2025',739
1877,'08-11-2024',18
1878,'25-07-2023',12
1879,'04-06-2024',501
1880,'18-09-2025',156
1881,'27-01-2023',108
1882,'27-04-2024',724
1883,'08-04-2025',724
1884,'02-08-2023',978
1885,'19-08-2024',602
1886,'14-01-2025',632
1887,'04-06-2024',710
1888,'25-07-2024',836
1889,'03-09-2023',900
1890,'11-03-2023',667
1891,'12-05-2025',489
1892,'29-10-2023',923
1893,'20-10-2023',176
1894,'21-11-2025',70
1895,'25-07-2023',293
1896,'14-08-2024',684
1897,'02-02-2024',545
1898,'26-03-2024',228
1899,'24-01-2025',41
1900,'04-11-2025',864
1901,'25-02-2024',692
1902,'09-04-2024',822
1903,'01-11-2023',76
1904,'14-06-2024',524
1905,'20-08-2024',130
1906,'02-12-2024',444
1907,'08-05-2023',166
1908,'17-05-2023',13
1909,'12-09-2025',333
1910,'13-12-2024',842
1911,'10-04-2025',930
1912,'12-02-2025',277
1913,'28-06-2023',340
1914,'20-12-2023',360
1915,'23-03-2024',856
1916,'24-01-2023',559
1917,'18-01-2023',103
1918,'06-01-2025',657
1919,'07-08-2023',307
1920,'07-11-2023',192
1921,'15-11-2025',548
1922,'23-05-2025',171
1923,'05-12-2024',337
1924,'10-11-2025',728
1925,'07-10-2024',519
1926,'13-12-2024',393
1927,'27-10-2023',298
1928,'10-05-2025',371
1929,'22-09-2023',226
1930,'11-01-2023',299
1931,'13-05-2023',834
1932,'11-02-2025',258
1933,'16-04-2023',547
1934,'28-04-2025',509
1935,'16-03-2025',360
1936,'12-02-2023',132
1937,'29-04-2025',796
1938,'12-12-2023',833
1939,'20-09-2024',34
1940,'15-12-2024',511
1941,'26-06-2023',933
1942,'28-03-2023',357
1943,'25-10-2024',551
1944,'17-04-2023',385
1945,'07-06-2023',293
1946,'16-03-2023',816
1947,'09-07-2025',155
1948,'26-08-2023',693
1949,'04-10-2024',524
1950,'14-10-2023',274
1951,'20-11-2025',143
1952,'21-07-2023',178
1953,'27-05-2023',754
1954,'14-10-2024',119
1955,'27-05-2024',367
1956,'23-12-2023',287
1957,'30-03-2023',34
1958,'02-11-2024',509
1959,'16-09-2025',819
1960,'25-09-2023',209
1961,'18-09-2024',87
1962,'01-10-2025',698
1963,'24-10-2025',314
1964,'27-05-2023',443
1965,'09-05-2024',656
1966,'18-10-2024',773
1967,'13-10-2023',720
1968,'08-03-2025',670
1969,'24-12-2025',17
1970,'03-08-2024',126
1971,'10-11-2025',879
1972,'24-07-2024',526
1973,'31-10-2023',132
1974,'27-08-2023',237
1975,'13-07-2024',945
1976,'30-09-2023',119
1977,'07-03-2025',584
1978,'13-06-2025',470
1979,'03-02-2024',876
1980,'25-09-2024',198
1981,'04-09-2025',277
1982,'27-09-2023',640
1983,'20-06-2024',546
1984,'09-10-2023',257
1985,'28-08-2025',708
1986,'10-05-2024',104
1987,'22-07-2025',144
1988,'02-06-2025',980
1989,'29-06-2024',133
1990,'21-09-2024',136
1991,'15-01-2023',738
1992,'04-10-2023',880
1993,'28-07-2024',450
1994,'11-12-2023',373
1995,'29-04-2025',445
1996,'05-10-2023',75
1997,'19-03-2025',354
1998,'01-01-2024',288
1999,'03-12-2025',869
2000,'13-08-2025',64
2001,'29-04-2024',51
2002,'07-12-2023',377
2003,'17-11-2024',888
2004,'26-02-2025',739
2005,'19-10-2024',454
2006,'14-06-2023',372
2007,'31-05-2024',651
2008,'29-09-2025',730
2009,'02-02-2024',263
2010,'07-07-2024',943
2011,'04-06-2025',530
2012,'01-02-2023',172
2013,'15-07-2023',56
2014,'06-09-2024',773
2015,'05-10-2023',371
2016,'09-01-2025',15
2017,'09-09-2025',330
2018,'06-08-2025',696
2019,'26-06-2025',45
2020,'16-12-2025',19
2021,'21-09-2024',337
2022,'20-03-2024',144
2023,'08-05-2024',112
2024,'24-06-2025',672
2025,'19-03-2024',275
2026,'23-03-2024',550
2027,'10-09-2024',933
2028,'09-07-2025',908
2029,'25-01-2025',879
2030,'06-09-2023',546
2031,'21-09-2023',865
2032,'04-10-2025',486
2033,'05-02-2024',327
2034,'31-03-2023',935
2035,'16-09-2024',11
2036,'14-05-2023',558
2037,'11-08-2025',82
2038,'27-01-2023',820
2039,'22-12-2024',325
2040,'16-11-2025',240
2041,'12-01-2023',118
2042,'20-04-2025',484
2043,'25-07-2025',206
2044,'22-10-2024',785
2045,'05-07-2024',723
2046,'03-05-2023',445
2047,'03-03-2023',415
2048,'04-09-2024',173
2049,'12-03-2023',417
2050,'31-08-2024',923
2051,'04-11-2025',761
2052,'11-03-2025',244
2053,'25-12-2025',215
2054,'31-05-2025',689
2055,'05-06-2025',789
2056,'14-02-2024',683
2057,'27-10-2023',215
2058,'05-05-2025',213
2059,'26-03-2023',833
2060,'25-12-2025',36
2061,'25-01-2024',178
2062,'12-12-2023',675
2063,'11-12-2024',228
2064,'01-06-2025',566
2065,'09-10-2023',22
2066,'04-01-2024',445
2067,'27-05-2024',548
2068,'14-09-2025',898
2069,'28-04-2023',542
2070,'13-12-2024',470
2071,'27-08-2025',181
2072,'11-10-2025',295
2073,'20-08-2025',853
2074,'13-07-2024',388
2075,'09-05-2025',191
2076,'29-08-2025',828
2077,'19-12-2023',474
2078,'21-07-2023',994
2079,'18-09-2024',75
2080,'31-07-2024',451
2081,'17-07-2023',125
2082,'27-06-2023',911
2083,'20-02-2023',478
2084,'18-07-2025',96
2085,'11-11-2023',715
2086,'05-05-2023',282
2087,'13-02-2024',111
2088,'27-03-2025',763
2089,'21-06-2025',474
2090,'15-07-2023',577
2091,'28-08-2023',556
2092,'04-07-2023',809
2093,'08-07-2023',978
2094,'13-08-2025',439
2095,'14-05-2024',401
2096,'17-11-2025',426
2097,'06-05-2025',118
2098,'11-07-2025',582
2099,'15-03-2025',619
2100,'23-11-2023',600
2101,'28-10-2024',190
2102,'16-06-2025',775
2103,'26-12-2024',76
2104,'15-04-2024',648
2105,'05-01-2023',204
2106,'18-03-2024',331
2107,'04-09-2023',80
2108,'30-11-2023',6
2109,'17-08-2025',574
2110,'07-10-2025',489
2111,'22-04-2025',573
2112,'13-02-2025',886
2113,'29-01-2023',308
2114,'02-09-2023',955
2115,'28-04-2024',415
2116,'17-04-2024',53
2117,'21-06-2025',640
2118,'05-05-2025',366
2119,'23-09-2025',157
2120,'14-08-2024',825
2121,'24-11-2024',36
2122,'14-03-2023',637
2123,'15-10-2024',458
2124,'28-05-2023',422
2125,'22-11-2023',993
2126,'28-03-2023',254
2127,'03-08-2023',334
2128,'21-09-2024',132
2129,'17-07-2024',207
2130,'22-09-2024',41
2131,'21-03-2023',557
2132,'22-05-2025',665
2133,'22-07-2023',894
2134,'06-01-2024',912
2135,'20-09-2023',808
2136,'27-01-2023',770
2137,'06-11-2025',314
2138,'24-06-2025',588
2139,'29-11-2023',163
2140,'29-12-2025',445
2141,'01-04-2024',474
2142,'19-05-2023',751
2143,'21-01-2025',46
2144,'14-04-2025',176
2145,'14-08-2023',672
2146,'30-12-2024',69
2147,'02-11-2024',498
2148,'09-06-2023',274
2149,'11-11-2023',945
2150,'27-11-2024',955
2151,'03-02-2024',605
2152,'10-07-2024',990
2153,'31-03-2025',460
2154,'24-03-2024',222
2155,'19-06-2025',98
2156,'11-12-2025',236
2157,'20-09-2023',844
2158,'21-09-2024',226
2159,'26-03-2025',126
2160,'08-04-2025',173
2161,'23-08-2025',111
2162,'22-09-2023',375
2163,'16-07-2025',77
2164,'01-12-2025',352
2165,'16-11-2024',958
2166,'01-01-2024',979
2167,'24-06-2025',645
2168,'18-03-2023',149
2169,'26-03-2024',294
2170,'09-03-2024',982
2171,'30-06-2024',990
2172,'05-01-2025',387
2173,'21-10-2023',547
2174,'05-08-2025',249
2175,'15-04-2024',523
2176,'11-07-2024',524
2177,'10-01-2025',565
2178,'04-08-2023',389
2179,'17-08-2023',547
2180,'22-11-2024',106
2181,'25-09-2023',126
2182,'07-07-2024',936
2183,'09-11-2025',505
2184,'24-11-2023',1
2185,'26-03-2024',809
2186,'05-05-2025',616
2187,'19-11-2024',697
2188,'31-07-2025',501
2189,'03-06-2024',712
2190,'10-11-2025',316
2191,'14-08-2025',457
2192,'20-07-2023',861
2193,'12-05-2025',487
2194,'18-08-2024',196
2195,'03-10-2023',442
2196,'06-01-2023',680
2197,'22-05-2024',95
2198,'10-03-2023',330
2199,'28-04-2023',736
2200,'06-08-2023',61
2201,'05-12-2023',112
2202,'11-11-2023',453
2203,'08-09-2025',822
2204,'05-09-2024',743
2205,'02-09-2025',934
2206,'24-05-2023',667
2207,'13-11-2025',762
2208,'18-08-2024',823
2209,'21-07-2023',522
2210,'20-05-2024',680
2211,'14-08-2023',637
2212,'19-06-2023',854
2213,'26-08-2023',985
2214,'02-09-2024',960
2215,'18-05-2023',381
2216,'16-03-2024',196
2217,'31-07-2023',209
2218,'21-11-2023',544
2219,'01-01-2024',397
2220,'04-09-2025',397
2221,'12-01-2023',231
2222,'10-08-2025',152
2223,'30-08-2023',503
2224,'20-05-2025',270
2225,'05-04-2025',566
2226,'20-06-2023',707
2227,'19-07-2024',126
2228,'30-03-2025',530
2229,'19-10-2023',267
2230,'27-01-2025',590
2231,'02-02-2024',401
2232,'06-10-2023',982
2233,'20-05-2024',826
2234,'07-10-2024',379
2235,'30-01-2024',778
2236,'15-10-2025',874
2237,'24-09-2024',51
2238,'27-06-2024',52
2239,'05-05-2023',210
2240,'22-04-2024',311
2241,'27-04-2025',383
2242,'19-08-2025',159
2243,'26-03-2024',506
2244,'01-04-2025',391
2245,'03-07-2023',328
2246,'13-05-2023',287
2247,'29-12-2023',93
2248,'01-07-2025',321
2249,'09-07-2025',821
2250,'21-07-2024',220
2251,'05-05-2024',475
2252,'24-05-2023',483
2253,'01-05-2024',199
2254,'28-03-2025',499
2255,'17-05-2025',199
2256,'08-03-2024',825
2257,'31-07-2023',692
2258,'20-04-2023',759
2259,'06-11-2025',895
2260,'24-11-2024',447
2261,'22-07-2023',835
2262,'21-08-2024',178
2263,'30-05-2025',309
2264,'10-08-2024',92
2265,'11-06-2025',947
2266,'12-09-2025',606
2267,'28-02-2023',554
2268,'25-08-2023',515
2269,'09-05-2023',87
2270,'29-08-2023',512
2271,'15-07-2025',494
2272,'16-11-2023',964
2273,'23-02-2023',653
2274,'17-12-2024',80
2275,'07-03-2023',597
2276,'31-07-2024',452
2277,'03-02-2023',323
2278,'07-01-2023',615
2279,'25-05-2023',615
2280,'09-03-2024',441
2281,'30-11-2025',542
2282,'18-05-2023',105
2283,'05-10-2025',129
2284,'06-01-2024',532
2285,'25-04-2025',265
2286,'18-11-2025',488
2287,'04-02-2023',119
2288,'20-11-2023',722
2289,'05-08-2024',204
2290,'17-10-2025',435
2291,'05-05-2024',291
2292,'17-04-2024',795
2293,'16-05-2023',338
2294,'27-06-2025',618
2295,'28-02-2025',377
2296,'05-12-2025',361
2297,'31-10-2023',800
2298,'25-10-2024',306
2299,'26-02-2024',420
2300,'25-07-2023',334
2301,'30-12-2025',591
2302,'29-11-2024',813
2303,'06-06-2023',632
2304,'20-11-2023',165
2305,'29-12-2025',418
2306,'18-01-2025',291
2307,'19-05-2024',847
2308,'04-07-2023',986
2309,'11-12-2023',574
2310,'05-01-2023',409
2311,'31-05-2023',942
2312,'26-12-2023',508
2313,'16-09-2024',458
2314,'25-11-2025',314
2315,'21-02-2023',130
2316,'14-09-2025',881
2317,'24-10-2025',931
2318,'09-02-2023',222
2319,'11-05-2025',477
2320,'07-12-2023',633
2321,'10-04-2024',529
2322,'17-11-2025',884
2323,'04-12-2024',361
2324,'15-05-2024',976
2325,'04-08-2025',976
2326,'20-09-2023',216
2327,'30-07-2023',795
2328,'12-04-2024',26
2329,'10-12-2025',159
2330,'18-08-2024',480
2331,'22-04-2024',70
2332,'11-12-2024',132
2333,'08-02-2023',565
2334,'24-01-2023',11
2335,'21-03-2025',90
2336,'01-08-2024',400
2337,'07-05-2024',895
2338,'17-12-2023',155
2339,'14-09-2025',805
2340,'18-10-2024',911
2341,'05-05-2025',732
2342,'24-09-2024',816
2343,'28-07-2025',986
2344,'11-11-2024',36
2345,'15-08-2023',586
2346,'30-04-2024',404
2347,'16-03-2023',328
2348,'11-11-2024',1
2349,'18-05-2023',598
2350,'22-03-2023',646
2351,'15-02-2023',709
2352,'31-01-2025',481
2353,'06-10-2024',934
2354,'14-02-2024',137
2355,'28-07-2025',843
2356,'21-12-2024',114
2357,'01-04-2025',656
2358,'01-12-2025',85
2359,'15-08-2023',495
2360,'18-12-2024',638
2361,'18-02-2025',87
2362,'17-05-2023',293
2363,'31-01-2025',150
2364,'05-04-2025',833
2365,'28-06-2024',314
2366,'11-02-2023',329
2367,'02-12-2024',394
2368,'06-08-2023',573
2369,'07-01-2023',91
2370,'16-09-2025',448
2371,'11-01-2023',171
2372,'03-09-2023',33
2373,'28-09-2025',21
2374,'26-11-2023',775
2375,'20-09-2023',779
2376,'13-02-2023',416
2377,'04-12-2025',659
2378,'05-07-2025',853
2379,'12-06-2023',321
2380,'11-09-2023',890
2381,'21-12-2023',841
2382,'15-10-2024',878
2383,'04-12-2025',902
2384,'04-03-2024',375
2385,'06-04-2023',884
2386,'31-08-2025',181
2387,'30-04-2023',694
2388,'25-10-2025',621
2389,'06-03-2023',124
2390,'15-11-2024',748
2391,'27-10-2023',571
2392,'07-07-2023',160
2393,'10-09-2025',897
2394,'23-02-2025',48
2395,'04-06-2023',442
2396,'14-07-2025',963
2397,'02-10-2023',552
2398,'24-08-2023',351
2399,'06-07-2025',465
2400,'27-04-2024',715
2401,'19-09-2024',9
2402,'02-03-2025',803
2403,'26-03-2025',525
2404,'28-03-2025',662
2405,'07-11-2024',905
2406,'19-04-2023',188
2407,'08-01-2023',918
2408,'22-09-2025',43
2409,'01-01-2023',202
2410,'29-08-2025',443
2411,'21-09-2025',950
2412,'13-04-2024',164
2413,'04-06-2025',339
2414,'16-03-2023',903
2415,'21-12-2025',252
2416,'10-07-2023',749
2417,'03-06-2025',679
2418,'19-05-2024',339
2419,'06-04-2023',715
2420,'01-09-2024',64
2421,'11-02-2024',960
2422,'31-05-2025',197
2423,'07-12-2024',637
2424,'26-03-2024',863
2425,'20-04-2024',336
2426,'20-06-2025',43
2427,'12-02-2025',747
2428,'07-05-2025',642
2429,'08-06-2024',379
2430,'27-04-2023',494
2431,'29-01-2025',442
2432,'07-03-2023',46
2433,'05-06-2023',676
2434,'12-03-2025',627
2435,'13-09-2023',749
2436,'15-10-2025',792
2437,'05-04-2024',638
2438,'12-08-2025',528
2439,'22-07-2024',490
2440,'17-03-2024',741
2441,'03-04-2025',393
2442,'15-04-2023',847
2443,'09-06-2023',530
2444,'23-11-2023',924
2445,'19-09-2024',497
2446,'28-01-2023',519
2447,'25-02-2023',635
2448,'09-03-2023',580
2449,'16-03-2023',1
2450,'28-08-2024',696
2451,'02-08-2025',744
2452,'16-02-2023',298
2453,'09-05-2023',383
2454,'14-05-2023',601
2455,'23-02-2025',562
2456,'27-11-2024',140
2457,'02-11-2025',627
2458,'28-09-2025',185
2459,'29-03-2024',343
2460,'15-03-2025',273
2461,'09-11-2024',335
2462,'26-03-2023',937
2463,'09-09-2023',378
2464,'25-07-2024',554
2465,'12-02-2025',890
2466,'17-08-2023',706
2467,'23-02-2023',468
2468,'19-07-2024',245
2469,'24-06-2023',673
2470,'13-09-2023',886
2471,'17-02-2025',424
2472,'15-06-2023',298
2473,'30-04-2023',359
2474,'14-04-2023',881
2475,'23-01-2025',414
2476,'14-03-2024',4
2477,'01-12-2023',365
2478,'20-04-2025',165
2479,'10-01-2025',952
2480,'25-03-2024',833
2481,'11-08-2025',107
2482,'01-04-2024',710
2483,'02-11-2024',286
2484,'13-07-2025',967
2485,'06-07-2025',701
2486,'24-01-2025',301
2487,'05-03-2025',40
2488,'05-08-2023',735
2489,'30-10-2024',826
2490,'07-05-2025',897
2491,'15-08-2024',376
2492,'20-05-2023',746
2493,'14-03-2024',822
2494,'23-04-2023',779
2495,'02-10-2024',678
2496,'10-04-2023',338
2497,'11-03-2023',227
2498,'05-10-2025',59
2499,'28-04-2023',565
2500,'19-04-2023',647
2501,'13-01-2023',641
2502,'09-07-2025',671
2503,'30-11-2025',951
2504,'10-03-2024',958
2505,'21-06-2023',872
2506,'18-01-2024',518
2507,'10-10-2024',865
2508,'20-09-2025',441
2509,'06-11-2024',68
2510,'12-01-2024',148
2511,'10-07-2024',209
2512,'28-01-2025',217
2513,'31-03-2023',906
2514,'03-09-2024',570
2515,'29-12-2025',964
2516,'04-07-2023',546
2517,'06-04-2024',313
2518,'10-06-2023',845
2519,'11-03-2025',327
2520,'10-02-2024',146
2521,'17-10-2025',476
2522,'17-07-2024',462
2523,'24-03-2023',88
2524,'20-06-2025',687
2525,'29-03-2024',818
2526,'03-06-2023',861
2527,'11-03-2025',733
2528,'28-03-2024',284
2529,'28-04-2024',326
2530,'31-10-2023',220
2531,'22-12-2024',244
2532,'17-05-2025',198
2533,'10-02-2023',7
2534,'11-12-2025',850
2535,'28-05-2023',635
2536,'11-11-2024',617
2537,'17-07-2023',829
2538,'02-02-2024',7
2539,'14-07-2024',842
2540,'03-01-2023',563
2541,'30-05-2025',283
2542,'22-06-2025',96
2543,'25-12-2025',531
2544,'20-12-2025',739
2545,'10-11-2023',862
2546,'26-01-2025',880
2547,'14-12-2025',469
2548,'11-02-2025',288
2549,'23-08-2024',181
2550,'03-06-2024',831
2551,'23-01-2024',921
2552,'24-01-2023',193
2553,'03-03-2023',145
2554,'27-05-2023',990
2555,'16-05-2025',217
2556,'16-11-2023',764
2557,'15-08-2024',827
2558,'07-08-2024',600
2559,'06-11-2025',693
2560,'05-03-2025',438
2561,'01-06-2023',529
2562,'05-12-2023',809
2563,'09-08-2024',234
2564,'14-12-2024',704
2565,'10-02-2023',981
2566,'13-11-2024',201
2567,'30-05-2025',988
2568,'11-02-2023',578
2569,'19-05-2023',784
2570,'31-08-2023',800
2571,'08-09-2023',520
2572,'08-10-2025',608
2573,'09-03-2024',45
2574,'19-05-2023',914
2575,'03-03-2023',208
2576,'06-09-2023',209
2577,'30-03-2025',843
2578,'08-08-2024',195
2579,'30-04-2025',277
2580,'26-11-2025',642
2581,'14-06-2025',410
2582,'31-07-2025',410
2583,'31-03-2023',314
2584,'17-07-2025',23
2585,'17-01-2025',793
2586,'08-12-2025',726
2587,'29-08-2025',579
2588,'18-01-2025',614
2589,'02-08-2024',428
2590,'13-01-2025',643
2591,'25-06-2024',886
2592,'12-01-2025',646
2593,'09-10-2024',722
2594,'10-03-2024',229
2595,'16-08-2023',788
2596,'26-06-2023',993
2597,'12-09-2023',451
2598,'09-08-2024',593
2599,'12-12-2023',791
2600,'19-04-2025',264
2601,'25-10-2024',431
2602,'23-09-2024',563
2603,'19-07-2023',920
2604,'17-05-2025',749
2605,'01-10-2025',541
2606,'05-07-2025',208
2607,'15-01-2023',930
2608,'02-09-2023',878
2609,'03-07-2025',95
2610,'05-04-2023',43
2611,'25-11-2025',864
2612,'01-05-2025',305
2613,'08-07-2023',479
2614,'14-09-2025',401
2615,'30-08-2023',552
2616,'20-02-2023',442
2617,'14-04-2025',979
2618,'12-01-2024',941
2619,'15-01-2024',211
2620,'03-12-2023',213
2621,'08-02-2024',60
2622,'17-06-2025',383
2623,'29-05-2023',759
2624,'08-05-2023',948
2625,'07-11-2025',468
2626,'29-04-2024',533
2627,'03-05-2024',153
2628,'16-08-2023',185
2629,'08-12-2025',500
2630,'04-01-2025',858
2631,'22-01-2023',566
2632,'19-06-2025',904
2633,'27-12-2025',480
2634,'23-08-2025',834
2635,'01-11-2024',787
2636,'14-03-2023',957
2637,'08-07-2025',733
2638,'04-03-2025',180
2639,'25-03-2023',164
2640,'24-08-2023',282
2641,'12-11-2025',13
2642,'10-04-2024',62
2643,'02-10-2025',627
2644,'05-05-2025',355
2645,'31-01-2023',793
2646,'22-09-2023',634
2647,'25-12-2024',344
2648,'25-08-2025',495
2649,'08-05-2023',96
2650,'19-12-2024',95
2651,'28-08-2023',577
2652,'23-11-2025',887
2653,'26-03-2024',609
2654,'26-02-2023',890
2655,'22-07-2024',700
2656,'25-06-2025',65
2657,'10-08-2023',955
2658,'14-07-2025',810
2659,'30-07-2025',521
2660,'30-12-2024',259
2661,'20-10-2024',878
2662,'06-08-2023',989
2663,'06-03-2024',10
2664,'02-10-2025',365
2665,'30-04-2023',129
2666,'23-12-2023',304
2667,'14-03-2025',440
2668,'27-03-2023',505
2669,'24-06-2023',643
2670,'15-03-2024',234
2671,'09-03-2023',772
2672,'26-02-2024',871
2673,'03-08-2024',392
2674,'11-02-2025',558
2675,'04-01-2023',403
2676,'08-10-2024',552
2677,'09-12-2023',408
2678,'06-10-2024',514
2679,'08-03-2025',461
2680,'28-03-2024',471
2681,'03-11-2023',542
2682,'01-01-2023',288
2683,'27-08-2025',809
2684,'10-06-2025',452
2685,'08-07-2023',70
2686,'11-05-2025',351
2687,'29-10-2023',431
2688,'13-05-2025',578
2689,'23-03-2023',159
2690,'05-07-2024',930
2691,'16-02-2023',855
2692,'26-08-2023',284
2693,'24-10-2024',952
2694,'17-06-2024',605
2695,'04-11-2025',395
2696,'11-07-2024',121
2697,'15-10-2024',473
2698,'24-11-2023',113
2699,'21-06-2025',994
2700,'12-01-2025',941
2701,'28-07-2024',161
2702,'18-10-2024',486
2703,'17-10-2023',539
2704,'28-12-2025',791
2705,'25-12-2025',554
2706,'23-04-2025',30
2707,'25-03-2023',363
2708,'01-10-2024',419
2709,'21-04-2023',933
2710,'16-11-2024',752
2711,'09-08-2024',985
2712,'08-01-2025',747
2713,'30-05-2025',409
2714,'05-07-2025',532
2715,'06-08-2024',895
2716,'06-08-2024',103
2717,'09-03-2025',600
2718,'18-03-2025',736
2719,'12-10-2023',227
2720,'21-11-2023',908
2721,'16-10-2025',720
2722,'03-06-2024',293
2723,'28-10-2025',122
2724,'05-12-2025',71
2725,'15-01-2025',530
2726,'30-08-2024',296
2727,'10-04-2024',229
2728,'08-10-2025',94
2729,'08-08-2023',68
2730,'24-02-2024',160
2731,'07-12-2025',317
2732,'23-02-2025',235
2733,'14-07-2025',902
2734,'06-02-2023',5
2735,'26-08-2025',277
2736,'29-10-2024',486
2737,'28-07-2024',583
2738,'30-12-2025',650
2739,'10-08-2024',572
2740,'31-05-2023',384
2741,'08-02-2025',846
2742,'09-01-2023',679
2743,'23-06-2025',967
2744,'27-10-2024',965
2745,'08-03-2025',888
2746,'25-03-2025',563
2747,'02-12-2023',104
2748,'15-11-2025',452
2749,'03-07-2023',108
2750,'02-07-2025',973
2751,'15-02-2025',72
2752,'20-02-2024',930
2753,'15-04-2025',259
2754,'19-08-2025',234
2755,'25-06-2023',396
2756,'20-08-2024',269
2757,'03-06-2025',707
2758,'11-11-2025',699
2759,'25-02-2023',517
2760,'20-11-2023',982
2761,'10-06-2024',268
2762,'04-10-2025',774
2763,'22-03-2024',462
2764,'18-07-2023',412
2765,'30-10-2024',654
2766,'25-12-2025',939
2767,'13-02-2025',77
2768,'10-08-2024',199
2769,'12-06-2023',691
2770,'20-11-2024',310
2771,'24-06-2023',998
2772,'23-07-2025',358
2773,'09-11-2023',76
2774,'09-09-2024',541
2775,'06-02-2023',891
2776,'10-01-2023',691
2777,'19-06-2025',217
2778,'20-11-2025',534
2779,'13-07-2024',614
2780,'03-11-2025',369
2781,'11-02-2024',934
2782,'20-10-2025',431
2783,'16-03-2024',371
2784,'02-04-2024',600
2785,'11-11-2023',863
2786,'15-06-2024',651
2787,'17-10-2024',694
2788,'10-08-2023',959
2789,'25-01-2025',346
2790,'12-02-2023',150
2791,'14-03-2025',169
2792,'27-09-2023',942
2793,'12-01-2025',28
2794,'06-06-2025',399
2795,'05-12-2023',257
2796,'22-02-2025',515
2797,'27-01-2025',749
2798,'06-02-2025',758
2799,'02-07-2023',31
2800,'17-08-2025',48
2801,'26-06-2024',267
2802,'20-03-2025',998
2803,'11-06-2025',827
2804,'27-03-2025',540
2805,'26-05-2024',721
2806,'28-10-2024',335
2807,'29-03-2023',657
2808,'13-03-2024',571
2809,'23-05-2023',350
2810,'19-05-2025',347
2811,'29-05-2024',190
2812,'01-09-2023',582
2813,'05-05-2024',827
2814,'22-06-2023',71
2815,'03-07-2024',494
2816,'21-07-2025',926
2817,'17-06-2024',360
2818,'18-09-2024',57
2819,'24-02-2024',116
2820,'07-10-2023',878
2821,'07-03-2023',591
2822,'11-03-2024',89
2823,'30-11-2023',606
2824,'31-10-2023',832
2825,'15-07-2025',640
2826,'30-01-2025',445
2827,'18-01-2025',237
2828,'26-07-2024',82
2829,'12-03-2023',293
2830,'18-08-2024',746
2831,'14-09-2025',414
2832,'20-07-2024',848
2833,'15-03-2025',859
2834,'13-04-2025',963
2835,'17-03-2023',420
2836,'13-09-2024',638
2837,'06-01-2025',727
2838,'10-02-2025',776
2839,'13-04-2024',585
2840,'22-01-2025',844
2841,'29-02-2024',409
2842,'21-05-2024',539
2843,'25-06-2025',229
2844,'16-02-2024',999
2845,'07-12-2025',122
2846,'02-12-2025',894
2847,'24-03-2025',998
2848,'30-12-2024',518
2849,'06-12-2025',790
2850,'19-11-2024',462
2851,'24-08-2023',194
2852,'28-02-2023',338
2853,'05-01-2023',23
2854,'08-04-2025',415
2855,'17-03-2025',69
2856,'21-04-2023',822
2857,'14-11-2023',557
2858,'03-12-2024',704
2859,'08-12-2024',76
2860,'22-03-2025',288
2861,'05-03-2024',408
2862,'21-01-2023',424
2863,'27-11-2024',672
2864,'30-03-2023',149
2865,'29-11-2025',168
2866,'17-09-2024',559
2867,'15-05-2024',27
2868,'22-10-2023',897
2869,'17-07-2024',106
2870,'08-08-2023',894
2871,'11-11-2023',400
2872,'04-06-2025',26
2873,'03-05-2024',83
2874,'12-12-2024',348
2875,'30-03-2024',16
2876,'04-06-2025',87
2877,'10-01-2025',472
2878,'11-11-2025',220
2879,'18-08-2024',919
2880,'11-09-2025',345
2881,'03-08-2024',184
2882,'10-07-2023',952
2883,'19-05-2024',832
2884,'27-06-2023',366
2885,'22-07-2025',366
2886,'29-04-2023',755
2887,'17-06-2023',933
2888,'19-05-2025',475
2889,'09-07-2024',903
2890,'29-03-2024',861
2891,'11-07-2025',755
2892,'18-12-2024',266
2893,'04-11-2024',656
2894,'15-02-2023',397
2895,'30-09-2025',326
2896,'12-10-2025',852
2897,'25-12-2025',41
2898,'09-01-2023',507
2899,'23-06-2024',891
2900,'27-04-2023',573
2901,'02-06-2024',885
2902,'16-04-2024',145
2903,'13-07-2023',259
2904,'04-01-2024',952
2905,'22-01-2025',542
2906,'28-07-2024',2
2907,'16-11-2025',677
2908,'18-10-2023',283
2909,'13-02-2025',625
2910,'11-11-2024',967
2911,'27-04-2024',881
2912,'02-01-2023',825
2913,'10-08-2024',993
2914,'20-07-2025',625
2915,'30-11-2025',583
2916,'13-03-2023',925
2917,'01-09-2025',616
2918,'10-12-2025',705
2919,'23-10-2025',800
2920,'25-03-2024',742
2921,'31-07-2025',449
2922,'21-07-2025',809
2923,'16-05-2024',743
2924,'18-06-2025',218
2925,'10-04-2024',594
2926,'03-07-2025',314
2927,'27-09-2024',168
2928,'08-07-2024',729
2929,'18-02-2023',317
2930,'03-12-2023',739
2931,'03-07-2024',731
2932,'13-03-2025',255
2933,'26-09-2023',983
2934,'07-10-2023',449
2935,'25-11-2024',165
2936,'21-01-2024',811
2937,'02-10-2023',770
2938,'29-06-2024',579
2939,'30-03-2023',478
2940,'09-08-2025',515
2941,'24-01-2023',876
2942,'07-04-2024',596
2943,'09-12-2025',439
2944,'02-06-2024',112
2945,'07-03-2023',505
2946,'07-02-2024',126
2947,'17-11-2024',210
2948,'02-08-2025',671
2949,'25-11-2025',888
2950,'30-06-2023',739
2951,'19-08-2023',178
2952,'26-05-2024',582
2953,'20-02-2024',906
2954,'11-09-2025',820
2955,'15-12-2025',263
2956,'13-03-2025',35
2957,'19-05-2024',312
2958,'23-09-2024',569
2959,'07-05-2025',108
2960,'14-11-2023',684
2961,'16-01-2024',568
2962,'21-02-2023',89
2963,'22-07-2024',289
2964,'09-05-2023',943
2965,'20-01-2023',426
2966,'13-06-2025',149
2967,'17-01-2024',625
2968,'22-05-2025',342
2969,'22-03-2023',83
2970,'04-10-2025',443
2971,'29-08-2025',743
2972,'08-12-2025',85
2973,'30-04-2025',95
2974,'30-06-2024',453
2975,'24-02-2023',77
2976,'17-03-2025',967
2977,'24-03-2025',432
2978,'23-11-2024',903
2979,'08-09-2023',998
2980,'15-03-2023',699
2981,'02-05-2024',921
2982,'12-06-2025',473
2983,'24-02-2023',132
2984,'26-01-2025',238
2985,'22-07-2025',316
2986,'15-11-2023',373
2987,'08-10-2024',203
2988,'04-02-2024',626
2989,'22-12-2025',180
2990,'22-05-2025',755
2991,'31-05-2023',399
2992,'09-01-2024',27
2993,'28-08-2025',934
2994,'17-09-2023',104
2995,'19-12-2023',435
2996,'02-04-2024',861
2997,'17-04-2025',317
2998,'28-06-2025',518
2999,'29-09-2025',449
3000,'16-08-2023',204
3001,'05-02-2023',649
3002,'07-08-2025',430
3003,'21-11-2025',57
3004,'23-11-2025',910
3005,'05-02-2024',630
3006,'02-12-2024',204
3007,'27-02-2024',387
3008,'21-04-2023',454
3009,'11-07-2024',156
3010,'18-11-2024',45
3011,'02-06-2024',726
3012,'30-03-2025',380
3013,'19-09-2024',220
3014,'14-03-2023',80
3015,'13-01-2023',767
3016,'29-08-2023',919
3017,'14-04-2024',625
3018,'15-11-2025',610
3019,'05-05-2023',369
3020,'29-05-2025',458
3021,'06-06-2023',562
3022,'01-01-2025',91
3023,'16-03-2023',378
3024,'21-03-2023',683
3025,'29-01-2024',687
3026,'03-03-2024',229
3027,'10-07-2023',648
3028,'03-08-2025',132
3029,'15-08-2025',483
3030,'20-03-2025',594
3031,'18-02-2024',63
3032,'15-05-2023',324
3033,'20-04-2025',94
3034,'08-01-2024',372
3035,'27-01-2025',811
3036,'14-06-2025',210
3037,'05-05-2023',569
3038,'18-01-2023',119
3039,'16-06-2025',537
3040,'10-10-2024',530
3041,'14-05-2023',644
3042,'18-02-2023',722
3043,'31-07-2023',701
3044,'11-03-2023',502
3045,'18-06-2025',869
3046,'04-09-2024',899
3047,'28-10-2025',812
3048,'19-12-2025',281
3049,'21-06-2023',571
3050,'20-02-2025',624
3051,'04-02-2023',757
3052,'02-10-2024',720
3053,'20-02-2024',258
3054,'26-04-2023',108
3055,'06-05-2025',801
3056,'15-05-2024',786
3057,'10-12-2023',691
3058,'30-01-2023',642
3059,'08-05-2025',619
3060,'18-08-2024',588
3061,'09-07-2023',805
3062,'12-11-2024',692
3063,'18-01-2024',704
3064,'31-10-2025',682
3065,'17-03-2023',537
3066,'27-04-2023',681
3067,'14-09-2024',192
3068,'25-08-2023',903
3069,'25-08-2024',722
3070,'13-07-2024',822
3071,'07-03-2025',678
3072,'19-09-2024',932
3073,'11-05-2023',29
3074,'18-02-2024',18
3075,'30-05-2024',774
3076,'12-03-2025',838
3077,'07-04-2023',959
3078,'22-03-2024',686
3079,'06-06-2025',163
3080,'09-05-2025',70
3081,'19-10-2023',320
3082,'13-08-2025',1
3083,'10-11-2023',822
3084,'14-11-2023',905
3085,'29-06-2024',597
3086,'28-03-2024',927
3087,'08-07-2025',529
3088,'28-04-2023',774
3089,'03-03-2023',901
3090,'19-08-2025',887
3091,'04-09-2025',440
3092,'19-03-2023',896
3093,'24-05-2024',613
3094,'07-04-2024',290
3095,'07-04-2023',233
3096,'24-03-2024',16
3097,'10-10-2024',959
3098,'17-06-2025',878
3099,'25-05-2023',77
3100,'12-11-2024',311
3101,'20-11-2025',925
3102,'23-07-2024',203
3103,'03-03-2023',746
3104,'10-07-2023',122
3105,'04-11-2023',549
3106,'25-06-2024',141
3107,'14-06-2024',15
3108,'06-09-2023',804
3109,'12-01-2024',641
3110,'21-05-2023',626
3111,'23-07-2025',98
3112,'11-06-2024',420
3113,'01-09-2025',638
3114,'31-05-2024',656
3115,'01-06-2025',682
3116,'26-01-2024',809
3117,'19-06-2023',968
3118,'10-07-2024',743
3119,'12-01-2025',864
3120,'02-09-2024',503
3121,'07-02-2025',90
3122,'23-04-2025',225
3123,'16-06-2025',989
3124,'25-07-2024',677
3125,'10-07-2023',338
3126,'30-11-2025',406
3127,'14-08-2023',84
3128,'02-12-2023',357
3129,'04-03-2025',314
3130,'09-07-2025',917
3131,'02-02-2023',878
3132,'28-02-2024',952
3133,'29-10-2024',148
3134,'22-03-2025',614
3135,'25-05-2023',573
3136,'18-02-2023',955
3137,'05-01-2025',388
3138,'27-06-2024',518
3139,'26-03-2023',439
3140,'18-01-2024',428
3141,'20-01-2023',206
3142,'06-03-2023',911
3143,'28-04-2023',760
3144,'27-01-2024',275
3145,'04-03-2024',65
3146,'01-10-2024',938
3147,'11-03-2024',420
3148,'14-07-2024',520
3149,'28-08-2023',990
3150,'24-07-2023',770
3151,'15-09-2025',205
3152,'10-01-2025',108
3153,'08-05-2024',534
3154,'08-08-2024',240
3155,'18-04-2024',894
3156,'25-01-2024',57
3157,'21-01-2025',840
3158,'01-04-2024',218
3159,'04-02-2023',298
3160,'22-06-2025',443
3161,'14-02-2024',198
3162,'21-12-2025',421
3163,'16-02-2023',734
3164,'26-07-2023',389
3165,'01-12-2025',261
3166,'12-01-2025',750
3167,'29-05-2025',814
3168,'14-02-2025',538
3169,'19-11-2025',671
3170,'27-12-2023',390
3171,'29-06-2024',66
3172,'24-01-2023',797
3173,'30-11-2023',240
3174,'09-05-2025',75
3175,'03-01-2023',329
3176,'06-02-2025',169
3177,'03-03-2024',453
3178,'23-06-2024',144
3179,'19-07-2025',349
3180,'17-08-2025',716
3181,'20-07-2024',959
3182,'18-08-2025',584
3183,'30-06-2023',599
3184,'06-10-2025',21
3185,'23-02-2024',456
3186,'12-02-2024',207
3187,'10-03-2023',813
3188,'02-03-2024',890
3189,'31-03-2023',808
3190,'25-10-2024',465
3191,'15-10-2024',341
3192,'26-05-2025',248
3193,'22-08-2024',256
3194,'16-10-2024',232
3195,'29-12-2024',911
3196,'06-02-2024',1
3197,'14-01-2023',260
3198,'21-03-2024',214
3199,'14-07-2025',951
3200,'21-12-2023',230
3201,'02-06-2023',84
3202,'06-06-2023',763
3203,'04-08-2024',871
3204,'20-01-2025',461
3205,'28-03-2023',253
3206,'08-04-2024',280
3207,'02-09-2023',503
3208,'28-05-2025',777
3209,'25-05-2024',172
3210,'11-02-2025',281
3211,'17-06-2024',644
3212,'24-04-2025',120
3213,'05-12-2025',993
3214,'30-05-2023',414
3215,'27-06-2025',772
3216,'20-08-2025',273
3217,'06-06-2023',829
3218,'21-06-2024',122
3219,'20-12-2023',471
3220,'10-12-2023',635
3221,'09-09-2023',306
3222,'09-12-2024',949
3223,'23-03-2024',995
3224,'02-10-2025',718
3225,'21-06-2023',862
3226,'31-05-2023',63
3227,'03-07-2024',125
3228,'26-12-2023',17
3229,'31-10-2023',283
3230,'30-04-2025',92
3231,'22-03-2023',108
3232,'08-08-2025',544
3233,'22-03-2025',622
3234,'18-09-2024',351
3235,'21-07-2025',963
3236,'26-12-2023',263
3237,'24-01-2023',117
3238,'18-01-2023',297
3239,'12-07-2023',263
3240,'05-12-2025',782
3241,'18-02-2023',319
3242,'20-06-2024',830
3243,'14-02-2024',326
3244,'21-09-2024',217
3245,'31-08-2023',17
3246,'02-08-2024',598
3247,'28-03-2023',181
3248,'14-06-2025',41
3249,'06-07-2023',152
3250,'30-01-2025',807
3251,'01-01-2024',232
3252,'05-11-2025',118
3253,'03-12-2024',757
3254,'30-11-2023',768
3255,'07-05-2024',179
3256,'31-05-2023',798
3257,'02-08-2023',684
3258,'02-02-2025',262
3259,'08-08-2025',766
3260,'02-05-2023',605
3261,'04-06-2024',697
3262,'30-07-2024',635
3263,'01-08-2024',366
3264,'01-09-2025',197
3265,'31-12-2023',840
3266,'21-07-2023',508
3267,'27-01-2024',169
3268,'17-08-2024',382
3269,'07-12-2023',49
3270,'19-02-2024',157
3271,'14-03-2023',188
3272,'08-12-2023',682
3273,'13-05-2023',513
3274,'19-06-2025',418
3275,'06-11-2023',450
3276,'23-01-2025',26
3277,'13-12-2025',895
3278,'04-04-2023',844
3279,'14-05-2025',256
3280,'08-04-2025',124
3281,'07-02-2024',551
3282,'02-03-2023',417
3283,'31-07-2025',104
3284,'17-06-2023',650
3285,'29-04-2023',811
3286,'14-07-2024',640
3287,'20-07-2025',596
3288,'22-01-2023',996
3289,'10-01-2024',359
3290,'31-08-2024',982
3291,'29-10-2023',309
3292,'18-03-2023',831
3293,'14-09-2025',620
3294,'05-03-2024',580
3295,'23-01-2025',662
3296,'28-11-2025',186
3297,'24-10-2023',481
3298,'11-11-2025',620
3299,'21-08-2025',819
3300,'02-11-2025',151
3301,'29-05-2023',24
3302,'11-10-2025',822
3303,'18-03-2023',253
3304,'09-05-2023',806
3305,'26-07-2023',673
3306,'19-09-2024',974
3307,'02-09-2023',259
3308,'03-04-2023',815
3309,'12-11-2023',610
3310,'03-06-2024',143
3311,'12-09-2024',339
3312,'15-08-2025',164
3313,'03-12-2025',895
3314,'13-05-2025',374
3315,'07-12-2025',41
3316,'14-06-2025',836
3317,'02-11-2025',191
3318,'10-07-2023',17
3319,'28-04-2023',525
3320,'02-09-2025',139
3321,'18-07-2023',448
3322,'06-04-2024',147
3323,'18-11-2024',715
3324,'05-03-2024',164
3325,'17-04-2024',818
3326,'11-09-2025',343
3327,'14-08-2024',790
3328,'23-10-2025',410
3329,'08-07-2025',476
3330,'31-05-2023',945
3331,'11-10-2023',462
3332,'17-12-2025',849
3333,'28-03-2024',100
3334,'08-04-2023',61
3335,'29-09-2025',578
3336,'11-01-2023',766
3337,'11-09-2024',651
3338,'29-10-2023',294
3339,'22-09-2025',92
3340,'28-05-2025',550
3341,'02-03-2023',230
3342,'15-10-2023',123
3343,'12-12-2023',814
3344,'29-06-2023',974
3345,'04-02-2023',259
3346,'24-04-2023',499
3347,'21-08-2025',19
3348,'10-07-2025',332
3349,'24-02-2025',14
3350,'31-03-2024',810
3351,'07-07-2024',759
3352,'30-12-2024',365
3353,'03-11-2024',361
3354,'09-06-2025',957
3355,'23-01-2023',978
3356,'02-03-2025',40
3357,'17-09-2024',820
3358,'03-07-2023',502
3359,'08-07-2025',666
3360,'09-01-2023',354
3361,'17-10-2023',397
3362,'29-06-2025',489
3363,'17-03-2025',347
3364,'31-01-2023',113
3365,'24-06-2024',288
3366,'17-04-2023',776
3367,'16-04-2024',49
3368,'21-02-2025',715
3369,'06-08-2023',88
3370,'13-12-2024',12
3371,'03-01-2025',148
3372,'07-03-2023',275
3373,'08-12-2023',98
3374,'09-08-2024',557
3375,'27-04-2024',627
3376,'30-05-2025',289
3377,'04-03-2025',892
3378,'03-10-2025',359
3379,'19-04-2025',920
3380,'27-10-2024',309
3381,'19-05-2023',693
3382,'05-02-2023',865
3383,'06-12-2024',622
3384,'26-10-2024',630
3385,'26-01-2023',493
3386,'08-08-2024',677
3387,'20-12-2024',938
3388,'09-07-2025',910
3389,'03-12-2023',413
3390,'24-04-2025',713
3391,'08-01-2024',618
3392,'19-10-2025',972
3393,'22-04-2025',807
3394,'14-03-2025',623
3395,'20-09-2024',835
3396,'25-11-2025',832
3397,'18-11-2024',879
3398,'15-12-2023',286
3399,'01-08-2025',190
3400,'27-01-2025',112
3401,'09-10-2023',917
3402,'17-03-2025',706
3403,'08-02-2023',105
3404,'21-07-2024',177
3405,'27-03-2025',375
3406,'26-12-2025',625
3407,'06-01-2024',917
3408,'15-07-2023',315
3409,'20-07-2024',699
3410,'02-09-2025',546
3411,'07-08-2025',138
3412,'21-02-2025',846
3413,'12-01-2024',574
3414,'02-08-2023',24
3415,'14-12-2024',899
3416,'22-01-2024',563
3417,'25-09-2025',881
3418,'31-12-2024',8
3419,'03-11-2024',708
3420,'26-09-2025',1000
3421,'04-08-2025',369
3422,'05-10-2023',733
3423,'31-10-2024',511
3424,'05-02-2023',548
3425,'16-03-2024',534
3426,'17-09-2025',261
3427,'01-03-2023',719
3428,'10-07-2024',417
3429,'10-10-2024',24
3430,'09-08-2025',456
3431,'21-11-2023',247
3432,'27-12-2025',383
3433,'02-11-2023',189
3434,'21-07-2025',697
3435,'16-10-2023',939
3436,'08-08-2023',976
3437,'05-12-2025',403
3438,'04-08-2024',789
3439,'16-02-2025',130
3440,'02-02-2025',732
3441,'29-04-2025',68
3442,'24-07-2025',348
3443,'20-01-2025',454
3444,'03-09-2025',205
3445,'12-11-2025',64
3446,'29-12-2024',142
3447,'17-03-2023',387
3448,'19-03-2024',126
3449,'30-11-2023',458
3450,'20-07-2024',321
3451,'22-09-2024',166
3452,'09-11-2024',955
3453,'13-06-2024',41
3454,'25-05-2023',759
3455,'27-08-2025',716
3456,'03-02-2025',162
3457,'08-12-2024',199
3458,'22-04-2025',714
3459,'01-06-2024',454
3460,'27-03-2025',40
3461,'16-03-2025',63
3462,'31-07-2023',574
3463,'23-10-2024',842
3464,'01-03-2024',630
3465,'28-08-2025',689
3466,'20-04-2025',525
3467,'11-07-2025',823
3468,'16-08-2025',375
3469,'26-01-2024',633
3470,'30-05-2024',713
3471,'14-04-2023',661
3472,'17-01-2023',247
3473,'30-01-2024',174
3474,'24-06-2025',959
3475,'01-01-2024',354
3476,'21-05-2025',365
3477,'01-08-2024',844
3478,'03-12-2024',854
3479,'23-07-2024',851
3480,'09-12-2024',562
3481,'13-06-2023',6
3482,'24-10-2025',987
3483,'17-12-2023',915
3484,'06-10-2023',645
3485,'04-09-2024',898
3486,'17-09-2025',798
3487,'20-12-2024',994
3488,'03-03-2024',379
3489,'23-12-2023',487
3490,'07-09-2023',708
3491,'03-10-2023',799
3492,'28-06-2023',489
3493,'07-11-2023',943
3494,'11-09-2023',991
3495,'06-12-2023',631
3496,'08-06-2023',254
3497,'15-02-2023',388
3498,'03-10-2025',44
3499,'26-01-2024',74
3500,'25-08-2023',398
3501,'07-12-2023',53
3502,'22-09-2025',168
3503,'31-07-2023',612
3504,'13-09-2025',339
3505,'07-10-2023',224
3506,'23-08-2023',803
3507,'10-09-2023',908
3508,'07-03-2023',173
3509,'10-01-2025',428
3510,'12-01-2025',865
3511,'10-10-2024',131
3512,'24-01-2025',596
3513,'03-08-2025',622
3514,'10-08-2025',714
3515,'25-06-2025',307
3516,'21-12-2023',939
3517,'16-06-2023',743
3518,'21-03-2023',872
3519,'26-07-2023',215
3520,'28-03-2025',306
3521,'02-02-2023',367
3522,'17-11-2023',4
3523,'17-02-2025',526
3524,'25-01-2024',129
3525,'04-06-2023',447
3526,'13-03-2023',358
3527,'06-03-2023',881
3528,'11-09-2025',876
3529,'22-06-2024',744
3530,'15-02-2023',257
3531,'21-06-2025',169
3532,'21-06-2023',725
3533,'30-07-2024',619
3534,'16-05-2025',268
3535,'25-08-2023',175
3536,'27-05-2025',134
3537,'02-01-2024',974
3538,'13-01-2025',16
3539,'14-02-2025',693
3540,'22-09-2025',178
3541,'12-03-2025',424
3542,'06-12-2023',80
3543,'12-09-2025',693
3544,'08-05-2024',618
3545,'26-04-2023',344
3546,'17-06-2023',499
3547,'27-01-2025',441
3548,'28-11-2023',55
3549,'12-05-2024',830
3550,'20-11-2023',303
3551,'27-07-2023',778
3552,'15-01-2024',492
3553,'09-12-2025',612
3554,'20-03-2023',124
3555,'08-06-2024',50
3556,'23-07-2025',56
3557,'17-08-2025',526
3558,'26-10-2024',7
3559,'09-09-2025',809
3560,'04-03-2024',981
3561,'11-03-2024',190
3562,'05-11-2025',602
3563,'09-09-2025',475
3564,'12-07-2024',239
3565,'19-04-2025',208
3566,'14-09-2024',824
3567,'02-05-2023',480
3568,'10-10-2023',555
3569,'15-07-2023',944
3570,'21-06-2025',687
3571,'19-01-2025',758
3572,'01-08-2024',409
3573,'17-12-2024',837
3574,'25-11-2023',926
3575,'16-12-2023',773
3576,'09-05-2023',838
3577,'26-02-2024',42
3578,'18-02-2024',373
3579,'11-07-2023',740
3580,'31-03-2024',437
3581,'17-03-2025',149
3582,'20-12-2023',22
3583,'25-07-2023',165
3584,'16-01-2023',400
3585,'09-07-2024',267
3586,'30-07-2023',345
3587,'03-04-2025',25
3588,'13-05-2024',399
3589,'15-06-2023',818
3590,'31-12-2023',659
3591,'25-02-2025',926
3592,'11-02-2024',101
3593,'18-11-2023',619
3594,'27-08-2023',923
3595,'01-08-2025',604
3596,'29-01-2024',859
3597,'19-10-2025',133
3598,'28-05-2024',123
3599,'02-08-2023',344
3600,'25-12-2024',379
3601,'16-07-2024',218
3602,'06-01-2024',52
3603,'07-07-2023',680
3604,'31-08-2025',244
3605,'26-06-2025',558
3606,'07-12-2025',153
3607,'05-02-2025',552
3608,'25-08-2024',625
3609,'18-03-2025',207
3610,'13-12-2024',480
3611,'13-04-2023',853
3612,'26-05-2024',533
3613,'26-11-2024',479
3614,'18-05-2023',763
3615,'11-01-2023',425
3616,'08-02-2024',533
3617,'23-06-2025',52
3618,'05-07-2025',863
3619,'15-05-2025',769
3620,'01-12-2024',218
3621,'24-05-2025',579
3622,'25-05-2025',869
3623,'14-02-2024',314
3624,'19-12-2023',331
3625,'07-01-2025',773
3626,'24-08-2025',341
3627,'11-10-2023',791
3628,'03-02-2024',807
3629,'02-05-2025',949
3630,'02-11-2024',175
3631,'16-04-2024',434
3632,'09-08-2025',848
3633,'03-10-2024',450
3634,'30-12-2023',971
3635,'21-02-2024',533
3636,'02-05-2023',848
3637,'18-01-2025',218
3638,'22-03-2024',921
3639,'19-07-2024',839
3640,'10-04-2023',570
3641,'15-07-2025',110
3642,'17-08-2025',338
3643,'17-10-2025',571
3644,'03-10-2025',872
3645,'31-07-2025',118
3646,'13-05-2025',582
3647,'22-04-2023',593
3648,'17-04-2024',209
3649,'02-10-2023',234
3650,'07-09-2023',242
3651,'02-09-2025',716
3652,'18-10-2024',750
3653,'15-08-2024',640
3654,'17-02-2024',795
3655,'18-10-2024',231
3656,'21-01-2024',762
3657,'02-02-2024',383
3658,'01-01-2023',787
3659,'04-12-2023',901
3660,'06-02-2025',88
3661,'18-05-2025',44
3662,'10-08-2025',982
3663,'10-09-2023',529
3664,'10-08-2024',408
3665,'04-01-2023',172
3666,'04-02-2025',315
3667,'26-09-2023',706
3668,'05-04-2025',104
3669,'23-06-2024',448
3670,'03-12-2025',309
3671,'07-03-2023',384
3672,'14-10-2023',539
3673,'14-03-2025',401
3674,'10-06-2024',630
3675,'14-05-2025',802
3676,'20-12-2025',858
3677,'01-09-2023',701
3678,'17-10-2025',820
3679,'04-06-2023',414
3680,'21-09-2023',951
3681,'08-01-2024',793
3682,'16-09-2024',370
3683,'12-06-2025',19
3684,'06-06-2024',38
3685,'29-01-2024',110
3686,'24-12-2023',297
3687,'10-02-2025',145
3688,'23-07-2025',271
3689,'09-07-2023',966
3690,'12-04-2025',305
3691,'22-06-2025',52
3692,'04-06-2024',698
3693,'30-09-2025',812
3694,'09-09-2025',221
3695,'20-03-2024',363
3696,'18-09-2024',502
3697,'16-12-2024',659
3698,'12-06-2023',515
3699,'21-03-2024',789
3700,'09-01-2024',732
3701,'23-05-2025',951
3702,'08-04-2025',188
3703,'26-07-2025',530
3704,'19-12-2023',959
3705,'27-06-2024',100
3706,'01-07-2023',376
3707,'13-09-2023',328
3708,'17-11-2025',220
3709,'28-06-2025',161
3710,'15-01-2023',301
3711,'26-06-2024',31
3712,'18-03-2023',980
3713,'22-12-2025',240
3714,'12-08-2024',503
3715,'01-05-2024',662
3716,'18-06-2024',548
3717,'11-02-2024',698
3718,'12-11-2025',883
3719,'22-07-2023',270
3720,'15-12-2025',111
3721,'11-07-2023',776
3722,'15-05-2023',107
3723,'01-12-2023',302
3724,'13-11-2024',452
3725,'01-06-2023',598
3726,'25-07-2023',77
3727,'23-09-2024',484
3728,'15-11-2024',948
3729,'03-10-2023',852
3730,'16-04-2025',517
3731,'08-05-2023',235
3732,'16-04-2024',804
3733,'14-12-2024',228
3734,'15-12-2023',196
3735,'12-03-2024',840
3736,'23-09-2025',736
3737,'08-09-2025',119
3738,'16-08-2025',711
3739,'27-05-2025',443
3740,'31-03-2023',88
3741,'21-09-2025',342
3742,'21-06-2024',907
3743,'10-05-2023',313
3744,'08-11-2024',56
3745,'03-03-2025',342
3746,'25-12-2023',664
3747,'07-06-2023',23
3748,'30-06-2024',723
3749,'12-10-2024',169
3750,'19-01-2023',69
3751,'03-09-2023',31
3752,'16-10-2023',639
3753,'04-11-2024',467
3754,'17-08-2025',319
3755,'20-01-2024',395
3756,'05-10-2025',565
3757,'12-01-2025',819
3758,'24-05-2024',565
3759,'28-11-2023',186
3760,'23-02-2023',332
3761,'31-12-2023',902
3762,'16-03-2024',504
3763,'10-01-2024',908
3764,'25-01-2023',398
3765,'11-01-2025',432
3766,'30-11-2024',798
3767,'19-12-2025',436
3768,'17-03-2023',545
3769,'12-05-2025',928
3770,'09-12-2023',582
3771,'24-02-2025',281
3772,'13-02-2025',265
3773,'08-05-2023',331
3774,'29-03-2025',439
3775,'18-06-2025',228
3776,'06-02-2023',591
3777,'17-02-2024',33
3778,'17-10-2025',704
3779,'09-11-2023',972
3780,'03-04-2023',172
3781,'30-09-2023',924
3782,'13-08-2024',235
3783,'04-03-2025',229
3784,'01-11-2024',401
3785,'16-05-2023',945
3786,'12-01-2024',761
3787,'08-07-2025',791
3788,'10-07-2025',191
3789,'14-04-2025',773
3790,'25-12-2024',329
3791,'15-10-2024',695
3792,'24-10-2024',185
3793,'18-08-2024',677
3794,'08-03-2024',130
3795,'01-06-2024',478
3796,'16-04-2023',234
3797,'26-05-2024',349
3798,'05-07-2025',936
3799,'01-08-2023',960
3800,'23-08-2025',936
3801,'03-11-2025',452
3802,'09-04-2024',330
3803,'03-08-2024',790
3804,'30-12-2023',917
3805,'30-07-2025',1000
3806,'12-06-2023',938
3807,'08-07-2025',608
3808,'22-03-2024',458
3809,'18-10-2023',759
3810,'05-05-2025',449
3811,'30-12-2023',778
3812,'27-10-2023',490
3813,'01-03-2025',991
3814,'20-07-2025',228
3815,'06-08-2024',235
3816,'14-08-2023',213
3817,'07-09-2024',524
3818,'31-12-2023',502
3819,'11-11-2025',536
3820,'29-05-2023',852
3821,'18-06-2025',308
3822,'14-05-2023',162
3823,'10-12-2023',163
3824,'21-09-2025',351
3825,'04-04-2023',35
3826,'06-02-2024',592
3827,'10-11-2025',695
3828,'06-03-2025',841
3829,'19-08-2025',961
3830,'21-07-2023',622
3831,'06-05-2024',639
3832,'28-08-2025',633
3833,'24-09-2023',494
3834,'05-05-2024',676
3835,'02-03-2025',896
3836,'14-10-2025',691
3837,'30-05-2023',744
3838,'21-03-2025',103
3839,'12-02-2024',656
3840,'02-06-2024',395
3841,'22-01-2024',589
3842,'29-01-2023',331
3843,'31-03-2023',635
3844,'04-07-2025',80
3845,'15-07-2024',435
3846,'15-05-2023',500
3847,'08-10-2024',228
3848,'20-05-2024',953
3849,'23-03-2023',354
3850,'05-12-2023',753
3851,'26-09-2025',938
3852,'05-07-2025',534
3853,'11-03-2024',818
3854,'27-01-2024',559
3855,'25-02-2025',227
3856,'20-02-2024',257
3857,'04-06-2024',742
3858,'12-12-2024',134
3859,'09-09-2023',549
3860,'26-10-2025',313
3861,'22-03-2024',794
3862,'22-03-2024',847
3863,'22-09-2025',246
3864,'03-09-2025',606
3865,'10-08-2025',392
3866,'29-08-2023',541
3867,'06-01-2023',853
3868,'13-05-2024',983
3869,'17-07-2025',487
3870,'05-01-2023',174
3871,'21-06-2025',93
3872,'16-05-2024',345
3873,'19-04-2025',865
3874,'04-02-2023',696
3875,'30-06-2024',90
3876,'12-03-2023',296
3877,'02-04-2023',842
3878,'22-10-2023',608
3879,'29-03-2023',587
3880,'22-07-2025',256
3881,'15-05-2025',499
3882,'15-08-2024',340
3883,'20-12-2025',530
3884,'03-11-2023',813
3885,'28-06-2024',330
3886,'19-10-2024',820
3887,'30-11-2024',407
3888,'17-03-2024',402
3889,'05-01-2024',886
3890,'12-01-2024',133
3891,'14-01-2025',742
3892,'18-07-2025',980
3893,'11-02-2023',305
3894,'27-08-2024',160
3895,'21-11-2025',517
3896,'14-07-2025',283
3897,'17-11-2023',286
3898,'14-12-2024',436
3899,'18-01-2023',202
3900,'18-01-2024',711
3901,'07-09-2024',61
3902,'26-02-2024',284
3903,'06-03-2024',748
3904,'15-08-2024',401
3905,'04-01-2024',174
3906,'02-12-2024',284
3907,'06-04-2024',528
3908,'16-01-2025',629
3909,'15-08-2024',146
3910,'22-09-2023',926
3911,'21-10-2024',873
3912,'05-09-2024',263
3913,'26-11-2023',914
3914,'13-02-2023',905
3915,'11-03-2023',616
3916,'23-03-2024',561
3917,'18-02-2024',549
3918,'12-12-2024',463
3919,'08-07-2024',344
3920,'17-12-2023',861
3921,'18-12-2025',679
3922,'14-11-2025',502
3923,'15-02-2025',562
3924,'30-11-2025',167
3925,'03-09-2024',592
3926,'24-09-2024',127
3927,'17-01-2023',369
3928,'15-05-2024',75
3929,'20-02-2023',158
3930,'24-12-2024',929
3931,'07-04-2023',188
3932,'23-03-2024',299
3933,'14-07-2025',577
3934,'17-11-2023',988
3935,'16-10-2023',589
3936,'17-03-2024',941
3937,'29-11-2025',596
3938,'23-07-2023',271
3939,'13-03-2023',717
3940,'20-04-2023',884
3941,'22-04-2023',474
3942,'13-08-2023',178
3943,'28-11-2025',660
3944,'06-11-2025',171
3945,'14-01-2025',52
3946,'12-04-2025',77
3947,'07-01-2024',920
3948,'29-11-2024',735
3949,'05-07-2023',168
3950,'19-10-2023',819
3951,'27-06-2025',386
3952,'14-01-2024',209
3953,'25-01-2025',687
3954,'22-05-2024',192
3955,'24-02-2025',38
3956,'24-09-2024',96
3957,'01-04-2025',222
3958,'20-05-2024',797
3959,'15-08-2023',709
3960,'15-04-2023',1
3961,'31-01-2025',834
3962,'13-05-2025',961
3963,'30-09-2025',642
3964,'11-07-2025',280
3965,'09-10-2024',812
3966,'17-07-2025',651
3967,'06-12-2023',683
3968,'07-03-2023',235
3969,'01-07-2025',419
3970,'03-07-2025',728
3971,'20-11-2023',331
3972,'02-06-2025',942
3973,'16-09-2024',954
3974,'05-08-2024',854
3975,'27-12-2025',944
3976,'28-04-2025',472
3977,'23-01-2025',68
3978,'17-05-2025',965
3979,'12-04-2023',541
3980,'27-12-2024',568
3981,'08-10-2023',977
3982,'12-01-2025',270
3983,'05-05-2024',708
3984,'03-06-2025',25
3985,'24-02-2023',441
3986,'09-09-2024',602
3987,'09-09-2025',999
3988,'05-01-2025',611
3989,'06-09-2024',262
3990,'27-08-2024',192
3991,'25-07-2023',164
3992,'04-03-2023',281
3993,'20-05-2024',614
3994,'08-05-2023',750
3995,'19-10-2024',435
3996,'08-08-2023',405
3997,'29-07-2025',99
3998,'04-12-2024',138
3999,'12-03-2023',850
4000,'18-08-2025',628
4001,'14-10-2025',294
4002,'21-02-2023',398
4003,'02-12-2025',691
4004,'07-05-2023',664
4005,'29-05-2025',608
4006,'30-11-2025',772
4007,'05-06-2024',285
4008,'18-09-2024',203
4009,'25-10-2024',262
4010,'29-05-2024',283
4011,'24-12-2025',127
4012,'11-05-2023',958
4013,'20-05-2024',449
4014,'21-05-2024',757
4015,'16-06-2025',868
4016,'12-06-2024',460
4017,'07-09-2024',977
4018,'24-01-2025',936
4019,'03-11-2025',515
4020,'09-08-2025',2
4021,'29-10-2025',917
4022,'27-09-2023',402
4023,'18-11-2025',698
4024,'01-01-2023',189
4025,'14-12-2023',268
4026,'10-08-2025',192
4027,'19-11-2024',723
4028,'03-09-2025',598
4029,'26-02-2023',506
4030,'03-03-2023',209
4031,'27-07-2023',901
4032,'06-10-2025',574
4033,'02-05-2024',399
4034,'17-01-2023',605
4035,'20-10-2025',542
4036,'23-07-2023',167
4037,'17-09-2024',20
4038,'16-06-2023',75
4039,'25-12-2025',982
4040,'20-07-2023',52
4041,'30-11-2025',187
4042,'17-12-2023',449
4043,'14-11-2024',235
4044,'25-01-2025',779
4045,'21-07-2024',365
4046,'19-03-2025',425
4047,'18-04-2023',433
4048,'19-11-2025',451
4049,'29-06-2024',401
4050,'16-01-2023',701
4051,'27-03-2023',623
4052,'01-04-2024',118
4053,'26-03-2023',489
4054,'08-03-2024',141
4055,'15-12-2023',518
4056,'03-12-2023',947
4057,'03-09-2025',135
4058,'21-04-2025',67
4059,'23-03-2024',512
4060,'16-03-2023',553
4061,'19-10-2025',912
4062,'26-01-2025',832
4063,'01-02-2024',261
4064,'16-05-2023',656
4065,'30-05-2024',831
4066,'30-01-2023',350
4067,'14-07-2023',339
4068,'19-06-2024',528
4069,'17-12-2025',374
4070,'30-01-2024',82
4071,'01-11-2025',170
4072,'27-12-2023',754
4073,'01-03-2024',228
4074,'09-06-2024',357
4075,'04-07-2025',707
4076,'28-04-2025',656
4077,'22-05-2023',642
4078,'23-01-2024',958
4079,'04-10-2025',166
4080,'05-04-2025',892
4081,'07-03-2025',320
4082,'09-07-2024',774
4083,'11-11-2023',992
4084,'21-05-2025',180
4085,'29-06-2025',107
4086,'31-08-2024',623
4087,'26-09-2023',289
4088,'02-08-2024',144
4089,'18-02-2023',739
4090,'31-07-2025',489
4091,'13-10-2025',918
4092,'07-09-2024',949
4093,'20-12-2025',434
4094,'24-10-2025',466
4095,'01-06-2023',844
4096,'15-10-2025',322
4097,'21-11-2024',150
4098,'30-06-2025',80
4099,'22-07-2025',741
4100,'01-06-2024',32
4101,'17-03-2024',659
4102,'27-12-2024',821
4103,'30-07-2023',529
4104,'01-05-2024',335
4105,'24-02-2023',374
4106,'12-05-2025',167
4107,'11-01-2023',952
4108,'29-09-2023',249
4109,'18-09-2024',540
4110,'24-05-2025',226
4111,'11-12-2025',132
4112,'25-08-2025',542
4113,'05-01-2025',821
4114,'11-03-2025',816
4115,'16-10-2024',960
4116,'03-04-2023',503
4117,'24-05-2023',306
4118,'24-03-2025',473
4119,'02-09-2023',238
4120,'05-04-2023',363
4121,'15-08-2025',309
4122,'27-04-2023',624
4123,'12-08-2024',464
4124,'11-03-2024',117
4125,'14-03-2024',214
4126,'13-03-2025',798
4127,'11-01-2024',465
4128,'06-07-2023',424
4129,'07-04-2023',785
4130,'02-05-2024',159
4131,'22-04-2024',340
4132,'10-02-2024',41
4133,'14-03-2025',96
4134,'29-09-2023',312
4135,'10-11-2023',233
4136,'26-05-2025',54
4137,'17-05-2025',831
4138,'21-02-2025',530
4139,'01-05-2024',189
4140,'25-03-2023',234
4141,'15-07-2025',14
4142,'11-03-2024',45
4143,'12-06-2024',668
4144,'10-09-2025',561
4145,'21-08-2023',904
4146,'04-12-2025',52
4147,'26-03-2023',830
4148,'12-10-2024',89
4149,'17-05-2024',40
4150,'12-07-2025',71
4151,'31-01-2025',936
4152,'03-11-2025',745
4153,'02-05-2025',943
4154,'04-10-2023',94
4155,'29-08-2024',758
4156,'02-12-2024',737
4157,'02-10-2024',212
4158,'03-04-2024',44
4159,'16-04-2023',198
4160,'06-08-2025',322
4161,'30-01-2025',234
4162,'29-10-2025',111
4163,'25-05-2024',374
4164,'04-02-2024',924
4165,'10-07-2024',755
4166,'07-05-2023',498
4167,'27-07-2023',859
4168,'28-03-2024',433
4169,'22-06-2025',53
4170,'30-07-2025',686
4171,'12-06-2023',785
4172,'16-10-2023',984
4173,'29-03-2023',551
4174,'27-09-2024',427
4175,'15-10-2024',15
4176,'26-07-2023',2
4177,'04-10-2025',372
4178,'02-09-2025',60
4179,'05-02-2025',275
4180,'16-06-2023',407
4181,'08-03-2024',723
4182,'09-03-2025',975
4183,'20-06-2024',732
4184,'20-04-2024',544
4185,'13-07-2023',434
4186,'05-01-2025',838
4187,'21-12-2025',686
4188,'16-01-2024',236
4189,'10-03-2023',248
4190,'12-04-2024',328
4191,'05-01-2024',149
4192,'04-02-2023',646
4193,'25-02-2024',319
4194,'11-02-2024',140
4195,'14-10-2023',738
4196,'03-12-2023',418
4197,'24-09-2025',651
4198,'11-04-2024',759
4199,'07-06-2025',882
4200,'21-08-2025',266
4201,'03-12-2025',88
4202,'08-04-2025',124
4203,'02-09-2023',357
4204,'28-05-2024',126
4205,'01-02-2025',878
4206,'27-02-2023',695
4207,'10-05-2023',520
4208,'18-05-2025',73
4209,'24-03-2023',773
4210,'26-05-2023',916
4211,'03-08-2024',462
4212,'15-12-2023',317
4213,'11-08-2025',897
4214,'11-11-2025',580
4215,'19-11-2024',134
4216,'27-10-2025',409
4217,'03-10-2024',282
4218,'08-05-2023',886
4219,'27-11-2023',376
4220,'24-08-2024',543
4221,'03-12-2025',50
4222,'28-08-2025',152
4223,'15-01-2023',758
4224,'08-07-2024',264
4225,'21-02-2025',880
4226,'21-02-2024',492
4227,'12-09-2025',173
4228,'23-05-2024',950
4229,'01-04-2023',941
4230,'21-08-2025',71
4231,'24-02-2024',181
4232,'18-04-2025',748
4233,'28-10-2024',476
4234,'15-01-2025',126
4235,'06-04-2025',173
4236,'19-04-2024',421
4237,'18-06-2024',530
4238,'10-04-2025',319
4239,'10-05-2025',883
4240,'01-12-2025',701
4241,'31-03-2023',196
4242,'15-10-2025',502
4243,'15-01-2025',743
4244,'04-02-2024',748
4245,'11-07-2025',397
4246,'12-03-2025',739
4247,'28-06-2024',541
4248,'18-04-2024',838
4249,'12-10-2023',856
4250,'25-12-2025',727
4251,'14-10-2025',379
4252,'11-04-2023',251
4253,'01-08-2025',722
4254,'13-11-2025',36
4255,'06-03-2024',717
4256,'18-03-2023',523
4257,'01-05-2024',753
4258,'27-06-2023',833
4259,'29-04-2024',718
4260,'09-07-2023',151
4261,'01-01-2025',787
4262,'10-09-2025',985
4263,'10-05-2025',33
4264,'27-08-2025',195
4265,'27-07-2025',735
4266,'22-12-2023',350
4267,'02-09-2023',707
4268,'22-01-2023',33
4269,'24-11-2025',315
4270,'05-12-2024',596
4271,'26-09-2023',206
4272,'05-03-2024',172
4273,'31-01-2024',46
4274,'18-06-2024',719
4275,'14-06-2023',901
4276,'04-07-2023',434
4277,'12-02-2024',343
4278,'26-10-2025',899
4279,'27-01-2025',576
4280,'28-01-2023',807
4281,'20-05-2024',137
4282,'31-12-2023',169
4283,'15-06-2024',310
4284,'11-05-2025',63
4285,'18-04-2023',615
4286,'20-11-2023',428
4287,'28-01-2024',34
4288,'07-04-2023',802
4289,'22-04-2023',286
4290,'17-06-2023',706
4291,'20-11-2024',745
4292,'21-08-2025',25
4293,'30-05-2025',677
4294,'11-12-2024',936
4295,'14-06-2025',250
4296,'01-12-2023',555
4297,'25-05-2024',123
4298,'19-05-2024',461
4299,'13-07-2024',448
4300,'20-04-2025',382
4301,'14-04-2023',917
4302,'03-07-2024',244
4303,'05-05-2024',904
4304,'18-09-2025',616
4305,'25-05-2023',515
4306,'18-03-2023',496
4307,'05-04-2024',167
4308,'11-12-2023',335
4309,'05-04-2024',30
4310,'30-01-2023',333
4311,'21-09-2025',107
4312,'03-05-2024',330
4313,'27-09-2025',497
4314,'14-11-2024',113
4315,'08-01-2023',128
4316,'26-08-2025',1
4317,'16-10-2024',785
4318,'15-05-2025',101
4319,'31-05-2025',676
4320,'30-11-2023',142
4321,'04-10-2024',169
4322,'16-09-2023',430
4323,'18-01-2023',493
4324,'08-02-2025',291
4325,'19-06-2024',6
4326,'10-07-2024',475
4327,'27-11-2025',798
4328,'31-08-2025',907
4329,'15-01-2024',308
4330,'26-11-2025',109
4331,'15-03-2025',511
4332,'21-04-2025',761
4333,'14-10-2025',926
4334,'29-09-2025',802
4335,'01-06-2024',581
4336,'22-07-2024',811
4337,'12-06-2025',236
4338,'23-03-2024',889
4339,'21-12-2024',55
4340,'10-01-2023',633
4341,'14-08-2023',535
4342,'22-03-2023',698
4343,'29-10-2023',712
4344,'21-12-2025',871
4345,'30-04-2024',988
4346,'18-02-2023',918
4347,'19-10-2024',337
4348,'19-03-2023',377
4349,'29-12-2024',413
4350,'26-01-2023',361
4351,'08-07-2024',915
4352,'29-03-2024',356
4353,'15-08-2024',606
4354,'21-04-2023',56
4355,'06-08-2023',920
4356,'23-04-2025',891
4357,'05-12-2025',618
4358,'12-05-2025',286
4359,'03-02-2024',353
4360,'09-08-2024',790
4361,'11-11-2025',733
4362,'05-02-2023',917
4363,'10-01-2023',978
4364,'08-07-2023',478
4365,'22-09-2023',790
4366,'03-02-2023',454
4367,'17-12-2024',137
4368,'03-04-2024',810
4369,'07-11-2025',415
4370,'20-11-2025',530
4371,'22-02-2025',477
4372,'14-03-2023',92
4373,'20-12-2025',633
4374,'27-10-2024',649
4375,'28-06-2023',730
4376,'21-03-2024',229
4377,'26-06-2024',307
4378,'07-10-2023',448
4379,'19-02-2023',992
4380,'23-03-2023',754
4381,'06-03-2023',796
4382,'25-01-2025',356
4383,'16-03-2024',140
4384,'29-09-2023',773
4385,'15-08-2025',125
4386,'20-05-2023',350
4387,'30-08-2025',23
4388,'04-01-2023',11
4389,'18-11-2023',186
4390,'27-10-2023',638
4391,'16-11-2023',918
4392,'20-08-2024',218
4393,'11-02-2025',384
4394,'31-10-2024',969
4395,'03-12-2025',916
4396,'02-02-2023',586
4397,'29-09-2025',1
4398,'28-08-2023',21
4399,'28-10-2023',613
4400,'05-06-2024',605
4401,'07-10-2025',711
4402,'02-11-2025',439
4403,'14-01-2023',12
4404,'05-03-2024',872
4405,'19-04-2023',400
4406,'10-02-2023',583
4407,'22-10-2023',825
4408,'22-02-2023',99
4409,'20-03-2025',437
4410,'30-11-2023',978
4411,'26-11-2025',22
4412,'22-06-2024',643
4413,'07-04-2024',526
4414,'29-02-2024',764
4415,'30-03-2024',811
4416,'30-04-2025',584
4417,'13-02-2025',296
4418,'07-11-2025',729
4419,'30-06-2025',180
4420,'26-03-2025',360
4421,'26-03-2025',510
4422,'18-02-2024',26
4423,'10-12-2023',333
4424,'28-08-2024',696
4425,'17-10-2024',92
4426,'22-04-2023',571
4427,'17-11-2023',406
4428,'11-06-2024',226
4429,'20-05-2025',720
4430,'27-09-2024',506
4431,'25-02-2025',838
4432,'26-06-2024',630
4433,'29-05-2025',140
4434,'25-04-2025',398
4435,'13-04-2025',910
4436,'26-12-2024',973
4437,'02-05-2023',478
4438,'28-01-2024',988
4439,'17-11-2024',571
4440,'12-02-2023',483
4441,'04-05-2025',932
4442,'13-10-2025',793
4443,'24-11-2025',271
4444,'16-09-2023',735
4445,'08-01-2025',750
4446,'02-02-2024',7
4447,'30-07-2025',562
4448,'09-11-2023',815
4449,'17-12-2024',262
4450,'06-04-2023',990
4451,'06-03-2025',377
4452,'27-02-2025',239
4453,'21-11-2023',906
4454,'03-10-2023',573
4455,'05-10-2024',379
4456,'23-11-2024',415
4457,'09-01-2025',897
4458,'02-11-2023',11
4459,'18-06-2025',735
4460,'29-11-2023',94
4461,'23-04-2024',954
4462,'03-08-2023',97
4463,'26-01-2025',688
4464,'05-01-2023',155
4465,'23-10-2024',793
4466,'07-07-2023',602
4467,'04-02-2025',938
4468,'01-09-2023',97
4469,'02-09-2023',805
4470,'17-01-2023',275
4471,'20-03-2023',188
4472,'25-03-2023',627
4473,'21-08-2023',861
4474,'19-12-2023',559
4475,'11-01-2023',311
4476,'03-05-2023',999
4477,'06-11-2023',686
4478,'26-02-2023',600
4479,'02-06-2025',836
4480,'27-04-2024',722
4481,'21-03-2023',910
4482,'03-04-2025',746
4483,'30-01-2025',116
4484,'05-08-2025',246
4485,'29-07-2023',459
4486,'19-08-2023',230
4487,'14-07-2024',596
4488,'23-12-2024',573
4489,'22-10-2024',243
4490,'27-10-2024',552
4491,'23-08-2024',390
4492,'02-02-2023',601
4493,'15-03-2025',388
4494,'03-06-2023',564
4495,'20-10-2023',368
4496,'02-11-2023',673
4497,'03-12-2024',952
4498,'27-04-2024',945
4499,'27-09-2025',723
4500,'19-10-2023',482
4501,'25-01-2023',948
4502,'01-05-2024',829
4503,'01-08-2023',913
4504,'26-05-2024',970
4505,'27-01-2023',777
4506,'30-11-2023',732
4507,'08-06-2025',529
4508,'19-04-2024',430
4509,'18-11-2023',254
4510,'08-01-2023',119
4511,'17-12-2024',199
4512,'09-08-2024',811
4513,'14-12-2025',342
4514,'27-02-2025',921
4515,'30-08-2024',965
4516,'20-12-2023',366
4517,'15-08-2023',522
4518,'01-11-2025',674
4519,'23-01-2025',253
4520,'11-08-2024',679
4521,'04-08-2023',565
4522,'08-10-2024',719
4523,'26-10-2023',353
4524,'06-03-2025',136
4525,'05-09-2024',726
4526,'10-08-2023',681
4527,'10-01-2023',74
4528,'18-06-2023',705
4529,'07-07-2024',614
4530,'10-06-2024',593
4531,'14-05-2025',61
4532,'07-03-2025',788
4533,'23-03-2024',287
4534,'19-03-2025',675
4535,'06-02-2023',744
4536,'13-11-2023',903
4537,'21-03-2024',634
4538,'18-11-2023',269
4539,'06-03-2025',240
4540,'01-05-2023',144
4541,'17-04-2024',260
4542,'13-08-2024',172
4543,'01-08-2023',315
4544,'27-06-2023',522
4545,'13-07-2025',309
4546,'11-06-2024',447
4547,'28-12-2025',323
4548,'02-06-2023',657
4549,'01-03-2023',749
4550,'14-07-2025',442
4551,'30-12-2025',210
4552,'07-02-2024',713
4553,'03-05-2025',927
4554,'12-03-2025',317
4555,'17-05-2023',881
4556,'04-02-2025',761
4557,'25-12-2023',388
4558,'06-06-2025',625
4559,'31-07-2024',512
4560,'14-05-2024',821
4561,'06-05-2025',441
4562,'28-06-2025',557
4563,'10-11-2025',469
4564,'30-12-2024',552
4565,'13-06-2024',139
4566,'07-07-2024',260
4567,'27-09-2023',114
4568,'04-02-2023',258
4569,'17-10-2023',935
4570,'30-03-2025',442
4571,'19-01-2024',811
4572,'08-07-2024',908
4573,'12-08-2025',111
4574,'23-08-2024',987
4575,'31-12-2024',502
4576,'15-04-2025',130
4577,'15-03-2025',730
4578,'18-08-2024',514
4579,'29-01-2024',742
4580,'17-03-2024',692
4581,'29-12-2025',710
4582,'22-06-2023',421
4583,'06-07-2025',290
4584,'27-11-2023',121
4585,'23-03-2024',370
4586,'12-07-2024',963
4587,'13-06-2024',526
4588,'26-12-2024',26
4589,'30-09-2024',80
4590,'13-09-2023',626
4591,'28-07-2023',541
4592,'15-02-2025',999
4593,'07-04-2024',154
4594,'25-07-2023',634
4595,'10-06-2023',417
4596,'11-02-2025',95
4597,'11-08-2023',657
4598,'04-09-2025',948
4599,'30-01-2024',489
4600,'22-10-2023',418
4601,'15-12-2024',56
4602,'16-09-2024',771
4603,'05-04-2023',690
4604,'22-03-2025',282
4605,'09-12-2023',950
4606,'02-02-2025',987
4607,'17-02-2024',77
4608,'06-11-2023',74
4609,'16-10-2024',675
4610,'20-02-2025',927
4611,'28-08-2024',199
4612,'07-01-2023',744
4613,'13-11-2023',835
4614,'03-07-2024',397
4615,'24-10-2024',82
4616,'30-09-2023',279
4617,'09-05-2025',825
4618,'17-02-2023',612
4619,'03-05-2025',721
4620,'17-01-2023',32
4621,'07-12-2023',286
4622,'23-07-2025',240
4623,'04-08-2023',917
4624,'28-10-2024',826
4625,'14-08-2023',764
4626,'03-12-2024',716
4627,'21-08-2024',173
4628,'28-11-2025',911
4629,'08-05-2023',618
4630,'17-09-2025',602
4631,'30-03-2024',655
4632,'28-11-2025',592
4633,'15-09-2025',546
4634,'05-02-2025',954
4635,'06-11-2024',178
4636,'02-01-2023',701
4637,'23-07-2025',424
4638,'29-03-2024',643
4639,'21-12-2023',797
4640,'06-11-2024',159
4641,'14-04-2025',919
4642,'08-10-2024',342
4643,'16-12-2024',227
4644,'06-11-2023',984
4645,'01-08-2024',575
4646,'23-08-2024',310
4647,'11-04-2025',565
4648,'11-05-2023',963
4649,'06-02-2025',206
4650,'10-08-2023',22
4651,'16-11-2024',91
4652,'14-11-2023',137
4653,'18-01-2023',357
4654,'21-08-2023',52
4655,'10-05-2025',431
4656,'07-09-2023',811
4657,'04-04-2025',980
4658,'06-09-2023',867
4659,'23-12-2025',151
4660,'11-06-2025',542
4661,'18-06-2025',896
4662,'09-01-2023',513
4663,'04-05-2024',32
4664,'26-01-2024',298
4665,'29-09-2024',980
4666,'19-05-2023',815
4667,'18-07-2024',242
4668,'17-11-2024',359
4669,'23-06-2025',424
4670,'28-10-2024',861
4671,'25-07-2024',470
4672,'05-05-2024',54
4673,'15-04-2024',185
4674,'29-05-2025',681
4675,'28-07-2024',758
4676,'11-02-2023',770
4677,'26-11-2023',107
4678,'30-08-2023',407
4679,'24-11-2024',674
4680,'04-12-2023',491
4681,'03-06-2023',661
4682,'25-01-2025',694
4683,'17-01-2024',294
4684,'19-10-2025',571
4685,'28-02-2024',654
4686,'25-04-2023',182
4687,'13-05-2023',63
4688,'01-07-2023',642
4689,'27-10-2025',195
4690,'30-05-2025',124
4691,'14-09-2024',186
4692,'31-12-2024',631
4693,'15-07-2023',18
4694,'02-01-2024',943
4695,'10-04-2024',877
4696,'20-08-2024',185
4697,'24-11-2025',311
4698,'06-04-2023',369
4699,'22-04-2025',922
4700,'13-11-2024',451
4701,'12-05-2025',271
4702,'18-02-2025',213
4703,'07-06-2025',631
4704,'31-08-2023',639
4705,'13-11-2023',356
4706,'17-07-2024',522
4707,'04-04-2025',402
4708,'22-09-2025',708
4709,'12-01-2024',981
4710,'04-06-2024',717
4711,'23-05-2024',603
4712,'02-12-2024',986
4713,'30-05-2023',684
4714,'16-09-2025',130
4715,'08-06-2024',160
4716,'19-06-2024',172
4717,'12-02-2023',613
4718,'30-01-2023',267
4719,'19-06-2024',650
4720,'14-07-2023',41
4721,'16-04-2025',464
4722,'19-05-2023',295
4723,'30-12-2023',416
4724,'28-11-2024',450
4725,'13-10-2024',650
4726,'14-01-2024',208
4727,'02-10-2024',107
4728,'10-11-2025',467
4729,'01-12-2025',230
4730,'31-05-2024',731
4731,'10-10-2025',652
4732,'19-08-2025',787
4733,'13-04-2025',177
4734,'10-05-2023',663
4735,'05-10-2025',685
4736,'03-09-2025',316
4737,'05-06-2023',124
4738,'08-05-2024',695
4739,'29-01-2023',247
4740,'04-01-2023',226
4741,'11-04-2024',458
4742,'18-02-2024',667
4743,'27-09-2024',321
4744,'30-06-2023',384
4745,'01-01-2024',416
4746,'27-10-2023',591
4747,'12-09-2023',667
4748,'07-12-2024',539
4749,'23-11-2025',318
4750,'09-09-2023',441
4751,'13-06-2023',481
4752,'06-11-2025',151
4753,'10-09-2024',656
4754,'19-08-2023',426
4755,'17-07-2025',971
4756,'30-06-2023',299
4757,'06-03-2025',505
4758,'11-12-2025',286
4759,'13-08-2023',469
4760,'07-02-2023',561
4761,'06-02-2025',760
4762,'04-10-2024',836
4763,'04-08-2024',29
4764,'29-02-2024',238
4765,'08-08-2023',494
4766,'02-01-2025',41
4767,'04-05-2024',170
4768,'18-02-2024',583
4769,'29-10-2024',845
4770,'08-04-2025',649
4771,'04-05-2024',652
4772,'26-09-2025',289
4773,'14-05-2024',514
4774,'02-03-2025',365
4775,'19-10-2023',820
4776,'20-08-2024',206
4777,'28-04-2025',714
4778,'27-05-2023',322
4779,'01-10-2025',651
4780,'27-08-2025',498
4781,'18-08-2025',900
4782,'08-01-2024',852
4783,'18-01-2025',195
4784,'26-03-2023',152
4785,'20-02-2025',226
4786,'22-09-2023',92
4787,'26-11-2024',702
4788,'20-05-2025',976
4789,'15-09-2025',223
4790,'30-12-2025',630
4791,'24-06-2024',763
4792,'27-03-2023',986
4793,'16-05-2024',521
4794,'20-10-2023',803
4795,'21-10-2024',569
4796,'25-06-2023',263
4797,'13-07-2023',339
4798,'18-04-2024',829
4799,'10-08-2024',455
4800,'26-01-2023',124
4801,'12-04-2025',644
4802,'07-07-2024',862
4803,'09-04-2023',386
4804,'17-01-2023',727
4805,'22-08-2024',174
4806,'28-02-2025',217
4807,'04-02-2023',559
4808,'10-02-2024',737
4809,'22-11-2024',550
4810,'17-07-2025',429
4811,'13-12-2025',995
4812,'10-06-2023',94
4813,'06-02-2025',216
4814,'10-01-2023',928
4815,'03-01-2024',603
4816,'24-10-2025',590
4817,'13-07-2024',680
4818,'03-01-2023',950
4819,'05-08-2023',88
4820,'08-07-2024',87
4821,'19-06-2023',564
4822,'01-08-2025',54
4823,'01-11-2024',976
4824,'18-04-2024',643
4825,'24-03-2025',169
4826,'29-09-2025',835
4827,'16-06-2023',674
4828,'02-08-2024',454
4829,'20-05-2024',81
4830,'20-10-2024',245
4831,'19-01-2023',874
4832,'23-04-2025',284
4833,'20-06-2025',887
4834,'12-03-2024',373
4835,'08-01-2025',862
4836,'22-02-2024',934
4837,'28-09-2024',115
4838,'11-01-2023',88
4839,'25-07-2025',25
4840,'24-02-2023',978
4841,'02-03-2023',322
4842,'09-06-2025',21
4843,'02-11-2024',458
4844,'15-01-2023',325
4845,'14-04-2023',215
4846,'19-05-2023',898
4847,'31-10-2023',876
4848,'09-09-2025',859
4849,'09-04-2023',912
4850,'28-12-2023',340
4851,'21-08-2025',356
4852,'11-10-2025',663
4853,'31-08-2023',466
4854,'30-07-2023',268
4855,'27-03-2025',173
4856,'12-09-2023',451
4857,'16-01-2025',976
4858,'25-03-2025',115
4859,'31-08-2024',967
4860,'21-03-2025',391
4861,'31-12-2024',488
4862,'27-04-2025',229
4863,'11-06-2024',963
4864,'27-01-2023',27
4865,'13-05-2024',993
4866,'23-07-2024',719
4867,'24-10-2023',510
4868,'19-09-2024',822
4869,'18-01-2023',146
4870,'07-09-2023',866
4871,'07-03-2025',907
4872,'02-09-2025',890
4873,'17-09-2025',189
4874,'16-11-2025',827
4875,'06-11-2023',514
4876,'29-06-2024',656
4877,'30-03-2023',703
4878,'19-03-2024',93
4879,'04-01-2024',120
4880,'18-12-2023',867
4881,'19-08-2025',362
4882,'01-01-2025',495
4883,'11-05-2023',951
4884,'30-11-2024',964
4885,'22-01-2024',973
4886,'03-04-2024',602
4887,'03-02-2024',935
4888,'12-11-2023',220
4889,'02-11-2023',207
4890,'20-02-2025',883
4891,'10-02-2024',726
4892,'27-01-2024',975
4893,'31-01-2024',978
4894,'20-10-2024',866
4895,'08-06-2025',184
4896,'17-06-2025',147
4897,'15-09-2024',214
4898,'01-12-2025',791
4899,'01-12-2025',952
4900,'25-06-2024',898
4901,'02-03-2024',138
4902,'24-05-2023',719
4903,'13-05-2024',301
4904,'05-08-2024',496
4905,'25-08-2025',72
4906,'24-05-2025',136
4907,'11-04-2023',394
4908,'25-06-2024',667
4909,'11-11-2024',759
4910,'12-07-2024',74
4911,'27-06-2025',449
4912,'03-08-2023',79
4913,'24-12-2023',322
4914,'08-01-2023',439
4915,'03-10-2025',186
4916,'23-07-2023',723
4917,'16-10-2024',418
4918,'13-01-2025',510
4919,'09-12-2025',85
4920,'04-08-2024',775
4921,'29-07-2024',784
4922,'28-10-2024',666
4923,'22-01-2024',510
4924,'16-10-2024',125
4925,'02-07-2023',41
4926,'19-10-2024',548
4927,'04-01-2025',19
4928,'26-06-2024',373
4929,'06-04-2024',270
4930,'24-11-2023',913
4931,'29-09-2024',892
4932,'04-09-2024',851
4933,'06-04-2025',821
4934,'24-01-2025',764
4935,'06-04-2023',734
4936,'10-03-2025',891
4937,'09-02-2023',438
4938,'08-08-2023',209
4939,'15-07-2023',997
4940,'28-01-2024',168
4941,'29-07-2025',478
4942,'18-11-2024',172
4943,'21-04-2023',827
4944,'16-03-2024',168
4945,'25-11-2025',719
4946,'29-12-2025',412
4947,'06-11-2025',963
4948,'17-10-2023',553
4949,'05-12-2023',281
4950,'22-07-2025',839
4951,'06-11-2023',305
4952,'27-09-2024',522
4953,'19-11-2025',95
4954,'11-03-2025',113
4955,'26-02-2023',815
4956,'09-12-2025',398
4957,'02-07-2023',784
4958,'25-05-2024',289
4959,'19-04-2024',464
4960,'24-12-2024',684
4961,'13-12-2025',567
4962,'31-07-2023',600
4963,'20-09-2025',823
4964,'12-05-2023',289
4965,'29-04-2025',808
4966,'20-10-2023',196
4967,'20-02-2024',523
4968,'25-01-2023',273
4969,'03-08-2023',248
4970,'08-02-2025',819
4971,'11-03-2025',268
4972,'09-11-2023',744
4973,'03-03-2024',964
4974,'24-11-2025',221
4975,'05-11-2023',767
4976,'18-01-2023',529
4977,'20-12-2023',796
4978,'19-06-2023',341
4979,'23-12-2024',48
4980,'30-11-2024',821
4981,'09-12-2025',233
4982,'07-06-2023',742
4983,'02-09-2024',646
4984,'18-07-2024',358
4985,'21-08-2025',626
4986,'23-08-2025',312
4987,'23-06-2024',148
4988,'09-02-2025',31
4989,'16-04-2023',95
4990,'27-03-2024',36
4991,'10-08-2023',411
4992,'26-09-2023',476
4993,'08-10-2024',544
4994,'20-04-2023',82
4995,'29-10-2024',311
4996,'26-11-2025',919
4997,'01-08-2024',202
4998,'07-12-2025',951
4999,'08-02-2025',812
5000,'05-05-2025',133
